PRAGMA foreign_keys=OFF;
BEGIN TRANSACTION;
CREATE TABLE IF NOT EXISTS "django_migrations" ("id" integer NOT NULL PRIMARY KEY AUTOINCREMENT, "app" varchar(255) NOT NULL, "name" varchar(255) NOT NULL, "applied" datetime NOT NULL);
INSERT INTO django_migrations VALUES(1,'admin','0001_initial','2022-05-16 00:54:02.825973');
INSERT INTO django_migrations VALUES(2,'auth','0001_initial','2022-05-16 00:54:02.826007');
INSERT INTO django_migrations VALUES(3,'contenttypes','0001_initial','2022-05-16 00:54:02.826013');
INSERT INTO django_migrations VALUES(4,'oauth2_provider','0001_initial','2022-05-16 00:54:02.826017');
INSERT INTO django_migrations VALUES(5,'sessions','0001_initial','2022-05-16 00:54:02.826022');
INSERT INTO django_migrations VALUES(6,'sites','0001_initial','2022-05-16 00:54:02.826027');
INSERT INTO django_migrations VALUES(7,'contenttypes','0001_initial','2022-05-16 00:54:02.897366');
INSERT INTO django_migrations VALUES(8,'auth','0001_initial','2022-05-16 00:54:02.942689');
INSERT INTO django_migrations VALUES(9,'admin','0001_initial','2022-05-16 00:54:02.966148');
INSERT INTO django_migrations VALUES(10,'sites','0001_initial','2022-05-16 00:54:02.985550');
INSERT INTO django_migrations VALUES(11,'sessions','0001_initial','2022-05-16 00:54:03.005312');
INSERT INTO django_migrations VALUES(12,'oauth2_provider','0001_initial','2022-05-16 00:54:03.114522');
INSERT INTO django_migrations VALUES(13,'oauth2_provider','0002_08_updates','2022-05-16 00:54:03.153567');
INSERT INTO django_migrations VALUES(14,'admin','0002_logentry_remove_auto_add','2022-05-16 00:54:03.185288');
INSERT INTO django_migrations VALUES(15,'contenttypes','0002_remove_content_type_name','2022-05-16 00:54:03.249343');
INSERT INTO django_migrations VALUES(16,'auth','0002_alter_permission_name_max_length','2022-05-16 00:54:03.262858');
INSERT INTO django_migrations VALUES(17,'auth','0003_alter_user_email_max_length','2022-05-16 00:54:03.278465');
INSERT INTO django_migrations VALUES(18,'auth','0004_alter_user_username_opts','2022-05-16 00:54:03.295686');
INSERT INTO django_migrations VALUES(19,'auth','0005_alter_user_last_login_null','2022-05-16 00:54:03.311543');
INSERT INTO django_migrations VALUES(20,'auth','0006_require_contenttypes_0002','2022-05-16 00:54:03.312647');
INSERT INTO django_migrations VALUES(21,'auth','0007_alter_validators_add_error_messages','2022-05-16 00:54:03.329241');
INSERT INTO django_migrations VALUES(22,'auth','0008_alter_user_username_max_length','2022-05-16 00:54:03.345026');
INSERT INTO django_migrations VALUES(23,'sites','0002_alter_domain_unique','2022-05-16 00:54:03.356065');
CREATE TABLE IF NOT EXISTS "django_project_version" ("id" integer NOT NULL PRIMARY KEY AUTOINCREMENT, "signature" text NOT NULL, "when" datetime NOT NULL);
INSERT INTO django_project_version VALUES(1,'json!{"__version__": 2, "apps": {"django_evolution": {"legacy_app_label": "django_evolution", "upgrade_method": "evolutions", "models": {"Version": {"fields": {"id": {"type": "django.db.models.AutoField", "attrs": {"primary_key": true}}, "signature": {"type": "django_evolution.models.SignatureField"}, "when": {"type": "django.db.models.DateTimeField"}}, "meta": {"pk_column": "id", "db_table": "django_project_version", "indexes": [], "db_tablespace": "", "unique_together": [], "__unique_together_applied": true, "index_together": [], "constraints": []}}, "Evolution": {"fields": {"id": {"type": "django.db.models.AutoField", "attrs": {"primary_key": true}}, "version": {"type": "django.db.models.ForeignKey", "related_model": "django_evolution.Version"}, "app_label": {"type": "django.db.models.CharField", "attrs": {"max_length": 200}}, "label": {"type": "django.db.models.CharField", "attrs": {"max_length": 100}}}, "meta": {"pk_column": "id", "db_table": "django_evolution", "indexes": [], "db_tablespace": "", "unique_together": [], "__unique_together_applied": true, "index_together": [], "constraints": []}}}}, "corsheaders": {"legacy_app_label": "corsheaders", "models": {"CorsModel": {"fields": {"id": {"type": "django.db.models.AutoField", "attrs": {"primary_key": true}}, "cors": {"type": "django.db.models.CharField", "attrs": {"max_length": 255}}}, "meta": {"pk_column": "id", "db_table": "corsheaders_corsmodel", "indexes": [], "db_tablespace": "", "unique_together": [], "__unique_together_applied": true, "index_together": [], "constraints": []}}}}, "admin": {"legacy_app_label": "admin", "upgrade_method": "migrations", "applied_migrations": ["0001_initial", "0002_logentry_remove_auto_add"], "models": {"LogEntry": {"fields": {"id": {"type": "django.db.models.AutoField", "attrs": {"primary_key": true}}, "action_time": {"type": "django.db.models.DateTimeField"}, "user": {"type": "django.db.models.ForeignKey", "related_model": "auth.User"}, "content_type": {"type": "django.db.models.ForeignKey", "attrs": {"null": true}, "related_model": "contenttypes.ContentType"}, "object_id": {"type": "django.db.models.TextField", "attrs": {"null": true}}, "object_repr": {"type": "django.db.models.CharField", "attrs": {"max_length": 200}}, "action_flag": {"type": "django.db.models.PositiveSmallIntegerField"}, "change_message": {"type": "django.db.models.TextField"}}, "meta": {"pk_column": "id", "db_table": "django_admin_log", "indexes": [], "db_tablespace": "", "unique_together": [], "__unique_together_applied": true, "index_together": [], "constraints": []}}}}, "auth": {"legacy_app_label": "auth", "upgrade_method": "migrations", "applied_migrations": ["0001_initial", "0002_alter_permission_name_max_length", "0003_alter_user_email_max_length", "0004_alter_user_username_opts", "0005_alter_user_last_login_null", "0006_require_contenttypes_0002", "0007_alter_validators_add_error_messages", "0008_alter_user_username_max_length"], "models": {"Permission": {"fields": {"id": {"type": "django.db.models.AutoField", "attrs": {"primary_key": true}}, "name": {"type": "django.db.models.CharField", "attrs": {"max_length": 255}}, "content_type": {"type": "django.db.models.ForeignKey", "related_model": "contenttypes.ContentType"}, "codename": {"type": "django.db.models.CharField", "attrs": {"max_length": 100}}}, "meta": {"pk_column": "id", "db_table": "auth_permission", "indexes": [], "db_tablespace": "", "unique_together": [["content_type", "codename"]], "__unique_together_applied": true, "index_together": [], "constraints": []}}, "Group": {"fields": {"id": {"type": "django.db.models.AutoField", "attrs": {"primary_key": true}}, "name": {"type": "django.db.models.CharField", "attrs": {"max_length": 80, "unique": true}}, "permissions": {"type": "django.db.models.ManyToManyField", "related_model": "auth.Permission"}}, "meta": {"pk_column": "id", "db_table": "auth_group", "indexes": [], "db_tablespace": "", "unique_together": [], "__unique_together_applied": true, "index_together": [], "constraints": []}}, "User": {"fields": {"id": {"type": "django.db.models.AutoField", "attrs": {"primary_key": true}}, "password": {"type": "django.db.models.CharField", "attrs": {"max_length": 128}}, "last_login": {"type": "django.db.models.DateTimeField", "attrs": {"null": true}}, "is_superuser": {"type": "django.db.models.BooleanField"}, "username": {"type": "django.db.models.CharField", "attrs": {"max_length": 150, "unique": true}}, "first_name": {"type": "django.db.models.CharField", "attrs": {"max_length": 30}}, "last_name": {"type": "django.db.models.CharField", "attrs": {"max_length": 30}}, "email": {"type": "django.db.models.EmailField", "attrs": {"max_length": 254}}, "is_staff": {"type": "django.db.models.BooleanField"}, "is_active": {"type": "django.db.models.BooleanField"}, "date_joined": {"type": "django.db.models.DateTimeField"}, "groups": {"type": "django.db.models.ManyToManyField", "related_model": "auth.Group"}, "user_permissions": {"type": "django.db.models.ManyToManyField", "related_model": "auth.Permission"}}, "meta": {"pk_column": "id", "db_table": "auth_user", "indexes": [], "db_tablespace": "", "unique_together": [], "__unique_together_applied": true, "index_together": [], "constraints": []}}}}, "contenttypes": {"legacy_app_label": "contenttypes", "upgrade_method": "migrations", "applied_migrations": ["0001_initial", "0002_remove_content_type_name"], "models": {"ContentType": {"fields": {"id": {"type": "django.db.models.AutoField", "attrs": {"primary_key": true}}, "app_label": {"type": "django.db.models.CharField", "attrs": {"max_length": 100}}, "model": {"type": "django.db.models.CharField", "attrs": {"max_length": 100}}}, "meta": {"pk_column": "id", "db_table": "django_content_type", "indexes": [], "db_tablespace": "", "unique_together": [["app_label", "model"]], "__unique_together_applied": true, "index_together": [], "constraints": []}}}}, "sites": {"legacy_app_label": "sites", "upgrade_method": "migrations", "applied_migrations": ["0001_initial", "0002_alter_domain_unique"], "models": {"Site": {"fields": {"id": {"type": "django.db.models.AutoField", "attrs": {"primary_key": true}}, "domain": {"type": "django.db.models.CharField", "attrs": {"max_length": 100, "unique": true}}, "name": {"type": "django.db.models.CharField", "attrs": {"max_length": 50}}}, "meta": {"pk_column": "id", "db_table": "django_site", "indexes": [], "db_tablespace": "", "unique_together": [], "__unique_together_applied": true, "index_together": [], "constraints": []}}}}, "sessions": {"legacy_app_label": "sessions", "upgrade_method": "migrations", "applied_migrations": ["0001_initial"], "models": {"Session": {"fields": {"session_key": {"type": "django.db.models.CharField", "attrs": {"max_length": 40, "primary_key": true}}, "session_data": {"type": "django.db.models.TextField"}, "expire_date": {"type": "django.db.models.DateTimeField", "attrs": {"db_index": true}}}, "meta": {"pk_column": "session_key", "db_table": "django_session", "indexes": [], "db_tablespace": "", "unique_together": [], "__unique_together_applied": true, "index_together": [], "constraints": []}}}}, "oauth2_provider": {"legacy_app_label": "oauth2_provider", "upgrade_method": "migrations", "applied_migrations": ["0001_initial", "0002_08_updates"], "models": {"Application": {"fields": {"id": {"type": "django.db.models.AutoField", "attrs": {"primary_key": true}}, "client_id": {"type": "django.db.models.CharField", "attrs": {"max_length": 100, "unique": true, "db_index": true}}, "user": {"type": "django.db.models.ForeignKey", "related_model": "auth.User"}, "redirect_uris": {"type": "django.db.models.TextField"}, "client_type": {"type": "django.db.models.CharField", "attrs": {"max_length": 32}}, "authorization_grant_type": {"type": "django.db.models.CharField", "attrs": {"max_length": 32}}, "client_secret": {"type": "django.db.models.CharField", "attrs": {"max_length": 255, "db_index": true}}, "name": {"type": "django.db.models.CharField", "attrs": {"max_length": 255}}, "skip_authorization": {"type": "django.db.models.BooleanField"}}, "meta": {"pk_column": "id", "db_table": "oauth2_provider_application", "indexes": [], "db_tablespace": "", "unique_together": [], "__unique_together_applied": true, "index_together": [], "constraints": []}}, "Grant": {"fields": {"id": {"type": "django.db.models.AutoField", "attrs": {"primary_key": true}}, "user": {"type": "django.db.models.ForeignKey", "related_model": "auth.User"}, "code": {"type": "django.db.models.CharField", "attrs": {"max_length": 255, "db_index": true}}, "application": {"type": "django.db.models.ForeignKey", "related_model": "oauth.Application"}, "expires": {"type": "django.db.models.DateTimeField"}, "redirect_uri": {"type": "django.db.models.CharField", "attrs": {"max_length": 255}}, "scope": {"type": "django.db.models.TextField"}}, "meta": {"pk_column": "id", "db_table": "oauth2_provider_grant", "indexes": [], "db_tablespace": "", "unique_together": [], "__unique_together_applied": true, "index_together": [], "constraints": []}}, "AccessToken": {"fields": {"id": {"type": "django.db.models.AutoField", "attrs": {"primary_key": true}}, "user": {"type": "django.db.models.ForeignKey", "attrs": {"null": true}, "related_model": "auth.User"}, "token": {"type": "django.db.models.CharField", "attrs": {"max_length": 255, "db_index": true}}, "application": {"type": "django.db.models.ForeignKey", "related_model": "oauth.Application"}, "expires": {"type": "django.db.models.DateTimeField"}, "scope": {"type": "django.db.models.TextField"}}, "meta": {"pk_column": "id", "db_table": "oauth2_provider_accesstoken", "indexes": [], "db_tablespace": "", "unique_together": [], "__unique_together_applied": true, "index_together": [], "constraints": []}}, "RefreshToken": {"fields": {"id": {"type": "django.db.models.AutoField", "attrs": {"primary_key": true}}, "user": {"type": "django.db.models.ForeignKey", "related_model": "auth.User"}, "token": {"type": "django.db.models.CharField", "attrs": {"max_length": 255, "db_index": true}}, "application": {"type": "django.db.models.ForeignKey", "related_model": "oauth.Application"}, "access_token": {"type": "django.db.models.OneToOneField", "attrs": {"unique": true}, "related_model": "oauth2_provider.AccessToken"}}, "meta": {"pk_column": "id", "db_table": "oauth2_provider_refreshtoken", "indexes": [], "db_tablespace": "", "unique_together": [], "__unique_together_applied": true, "index_together": [], "constraints": []}}}}, "accounts": {"legacy_app_label": "accounts", "upgrade_method": "evolutions", "models": {"ReviewRequestVisit": {"fields": {"id": {"type": "django.db.models.AutoField", "attrs": {"primary_key": true}}, "user": {"type": "django.db.models.ForeignKey", "related_model": "auth.User"}, "review_request": {"type": "django.db.models.ForeignKey", "related_model": "reviews.ReviewRequest"}, "timestamp": {"type": "django.db.models.DateTimeField"}, "visibility": {"type": "django.db.models.CharField", "attrs": {"max_length": 1}}}, "meta": {"pk_column": "id", "db_table": "accounts_reviewrequestvisit", "indexes": [], "db_tablespace": "", "unique_together": [["user", "review_request"]], "__unique_together_applied": true, "index_together": [["user", "visibility"]], "constraints": []}}, "Profile": {"fields": {"id": {"type": "django.db.models.AutoField", "attrs": {"primary_key": true}}, "user": {"type": "django.db.models.ForeignKey", "attrs": {"unique": true}, "related_model": "auth.User"}, "first_time_setup_done": {"type": "django.db.models.BooleanField"}, "should_send_email": {"type": "django.db.models.BooleanField"}, "should_send_own_updates": {"type": "django.db.models.BooleanField"}, "collapsed_diffs": {"type": "django.db.models.BooleanField"}, "wordwrapped_diffs": {"type": "django.db.models.BooleanField"}, "syntax_highlighting": {"type": "django.db.models.BooleanField"}, "is_private": {"type": "django.db.models.BooleanField"}, "open_an_issue": {"type": "django.db.models.BooleanField"}, "default_use_rich_text": {"type": "django.db.models.NullBooleanField", "attrs": {"null": true}}, "show_closed": {"type": "django.db.models.BooleanField"}, "sort_review_request_columns": {"type": "django.db.models.CharField", "attrs": {"max_length": 256}}, "sort_dashboard_columns": {"type": "django.db.models.CharField", "attrs": {"max_length": 256}}, "sort_submitter_columns": {"type": "django.db.models.CharField", "attrs": {"max_length": 256}}, "sort_group_columns": {"type": "django.db.models.CharField", "attrs": {"max_length": 256}}, "review_request_columns": {"type": "django.db.models.CharField", "attrs": {"max_length": 256}}, "dashboard_columns": {"type": "django.db.models.CharField", "attrs": {"max_length": 256}}, "submitter_columns": {"type": "django.db.models.CharField", "attrs": {"max_length": 256}}, "group_columns": {"type": "django.db.models.CharField", "attrs": {"max_length": 256}}, "timezone": {"type": "django.db.models.CharField", "attrs": {"max_length": 30}}, "settings": {"type": "djblets.db.fields.json_field.JSONField", "attrs": {"null": true}}, "extra_data": {"type": "djblets.db.fields.json_field.JSONField", "attrs": {"null": true}}, "starred_review_requests": {"type": "django.db.models.ManyToManyField", "related_model": "reviews.ReviewRequest"}, "starred_groups": {"type": "django.db.models.ManyToManyField", "related_model": "reviews.Group"}}, "meta": {"pk_column": "id", "db_table": "accounts_profile", "indexes": [], "db_tablespace": "", "unique_together": [], "__unique_together_applied": true, "index_together": [], "constraints": []}}, "LocalSiteProfile": {"fields": {"id": {"type": "django.db.models.AutoField", "attrs": {"primary_key": true}}, "user": {"type": "django.db.models.ForeignKey", "related_model": "auth.User"}, "profile": {"type": "django.db.models.ForeignKey", "related_model": "accounts.Profile"}, "local_site": {"type": "django.db.models.ForeignKey", "attrs": {"null": true}, "related_model": "site.LocalSite"}, "permissions": {"type": "djblets.db.fields.json_field.JSONField", "attrs": {"null": true}}, "direct_incoming_request_count": {"type": "djblets.db.fields.counter_field.CounterField", "attrs": {"null": true}}, "total_incoming_request_count": {"type": "djblets.db.fields.counter_field.CounterField", "attrs": {"null": true}}, "pending_outgoing_request_count": {"type": "djblets.db.fields.counter_field.CounterField", "attrs": {"null": true}}, "total_outgoing_request_count": {"type": "djblets.db.fields.counter_field.CounterField", "attrs": {"null": true}}, "starred_public_request_count": {"type": "djblets.db.fields.counter_field.CounterField", "attrs": {"null": true}}}, "meta": {"pk_column": "id", "db_table": "accounts_localsiteprofile", "indexes": [], "db_tablespace": "", "unique_together": [["user", "local_site"], ["profile", "local_site"]], "__unique_together_applied": true, "index_together": [], "constraints": []}}, "Trophy": {"fields": {"id": {"type": "django.db.models.AutoField", "attrs": {"primary_key": true}}, "category": {"type": "django.db.models.CharField", "attrs": {"max_length": 100}}, "received_date": {"type": "django.db.models.DateTimeField"}, "review_request": {"type": "django.db.models.ForeignKey", "related_model": "reviews.ReviewRequest"}, "local_site": {"type": "django.db.models.ForeignKey", "attrs": {"null": true}, "related_model": "site.LocalSite"}, "user": {"type": "django.db.models.ForeignKey", "related_model": "auth.User"}}, "meta": {"pk_column": "id", "db_table": "accounts_trophy", "indexes": [], "db_tablespace": "", "unique_together": [], "__unique_together_applied": true, "index_together": [], "constraints": []}}}}, "attachments": {"legacy_app_label": "attachments", "upgrade_method": "evolutions", "models": {"FileAttachmentHistory": {"fields": {"id": {"type": "django.db.models.AutoField", "attrs": {"primary_key": true}}, "display_position": {"type": "django.db.models.IntegerField"}, "latest_revision": {"type": "djblets.db.fields.relation_counter_field.RelationCounterField", "attrs": {"null": true}}}, "meta": {"pk_column": "id", "db_table": "attachments_fileattachmenthistory", "indexes": [], "db_tablespace": "", "unique_together": [], "__unique_together_applied": true, "index_together": [], "constraints": []}}, "FileAttachment": {"fields": {"id": {"type": "django.db.models.AutoField", "attrs": {"primary_key": true}}, "caption": {"type": "django.db.models.CharField", "attrs": {"max_length": 256}}, "draft_caption": {"type": "django.db.models.CharField", "attrs": {"max_length": 256}}, "orig_filename": {"type": "django.db.models.CharField", "attrs": {"max_length": 256, "null": true}}, "user": {"type": "django.db.models.ForeignKey", "attrs": {"null": true}, "related_model": "auth.User"}, "local_site": {"type": "django.db.models.ForeignKey", "attrs": {"null": true}, "related_model": "site.LocalSite"}, "uuid": {"type": "django.db.models.CharField", "attrs": {"max_length": 255}}, "file": {"type": "django.db.models.FileField", "attrs": {"max_length": 512, "null": true}}, "mimetype": {"type": "django.db.models.CharField", "attrs": {"max_length": 256}}, "repo_path": {"type": "django.db.models.CharField", "attrs": {"max_length": 1024, "null": true}}, "repo_revision": {"type": "django.db.models.CharField", "attrs": {"max_length": 64, "null": true, "db_index": true}}, "repository": {"type": "django.db.models.ForeignKey", "attrs": {"null": true}, "related_model": "scmtools.Repository"}, "added_in_filediff": {"type": "django.db.models.ForeignKey", "attrs": {"null": true}, "related_model": "diffviewer.FileDiff"}, "attachment_history": {"type": "django.db.models.ForeignKey", "attrs": {"null": true}, "related_model": "attachments.FileAttachmentHistory"}, "attachment_revision": {"type": "django.db.models.IntegerField"}}, "meta": {"pk_column": "id", "db_table": "attachments_fileattachment", "indexes": [], "db_tablespace": "", "unique_together": [], "__unique_together_applied": true, "index_together": [], "constraints": []}}}}, "changedescs": {"legacy_app_label": "changedescs", "upgrade_method": "evolutions", "models": {"ChangeDescription": {"fields": {"id": {"type": "django.db.models.AutoField", "attrs": {"primary_key": true}}, "user": {"type": "django.db.models.ForeignKey", "attrs": {"null": true}, "related_model": "auth.User"}, "timestamp": {"type": "django.db.models.DateTimeField"}, "public": {"type": "django.db.models.BooleanField"}, "text": {"type": "django.db.models.TextField"}, "rich_text": {"type": "django.db.models.BooleanField"}, "fields_changed": {"type": "djblets.db.fields.json_field.JSONField"}}, "meta": {"pk_column": "id", "db_table": "changedescs_changedescription", "indexes": [], "db_tablespace": "", "unique_together": [], "__unique_together_applied": true, "index_together": [], "constraints": []}}}}, "diffviewer": {"legacy_app_label": "diffviewer", "upgrade_method": "evolutions", "models": {"DiffSet": {"fields": {"id": {"type": "django.db.models.AutoField", "attrs": {"primary_key": true}}, "name": {"type": "django.db.models.CharField", "attrs": {"max_length": 256}}, "revision": {"type": "django.db.models.IntegerField"}, "timestamp": {"type": "django.db.models.DateTimeField"}, "basedir": {"type": "django.db.models.CharField", "attrs": {"max_length": 256}}, "history": {"type": "django.db.models.ForeignKey", "attrs": {"null": true}, "related_model": "diffviewer.DiffSetHistory"}, "repository": {"type": "django.db.models.ForeignKey", "related_model": "scmtools.Repository"}, "diffcompat": {"type": "django.db.models.IntegerField"}, "base_commit_id": {"type": "django.db.models.CharField", "attrs": {"max_length": 64, "null": true, "db_index": true}}, "commit_count": {"type": "djblets.db.fields.relation_counter_field.RelationCounterField", "attrs": {"null": true}}, "extra_data": {"type": "djblets.db.fields.json_field.JSONField", "attrs": {"null": true}}}, "meta": {"pk_column": "id", "db_table": "diffviewer_diffset", "indexes": [], "db_tablespace": "", "unique_together": [], "__unique_together_applied": true, "index_together": [], "constraints": []}}, "DiffCommit": {"fields": {"id": {"type": "django.db.models.AutoField", "attrs": {"primary_key": true}}, "filename": {"type": "django.db.models.CharField", "attrs": {"max_length": 256}}, "diffset": {"type": "django.db.models.ForeignKey", "related_model": "diffviewer.DiffSet"}, "author_name": {"type": "django.db.models.CharField", "attrs": {"max_length": 256}}, "author_email": {"type": "django.db.models.CharField", "attrs": {"max_length": 256}}, "author_date_utc": {"type": "django.db.models.DateTimeField"}, "author_date_offset": {"type": "django.db.models.IntegerField"}, "committer_name": {"type": "django.db.models.CharField", "attrs": {"max_length": 256, "null": true}}, "committer_email": {"type": "django.db.models.CharField", "attrs": {"max_length": 256, "null": true}}, "committer_date_utc": {"type": "django.db.models.DateTimeField", "attrs": {"null": true}}, "committer_date_offset": {"type": "django.db.models.IntegerField", "attrs": {"null": true}}, "commit_message": {"type": "django.db.models.TextField"}, "commit_id": {"type": "django.db.models.CharField", "attrs": {"max_length": 64}}, "parent_id": {"type": "django.db.models.CharField", "attrs": {"max_length": 64}}, "last_modified": {"type": "django.db.models.DateTimeField"}, "extra_data": {"type": "djblets.db.fields.json_field.JSONField", "attrs": {"null": true}}}, "meta": {"pk_column": "id", "db_table": "diffviewer_diffcommit", "indexes": [], "db_tablespace": "", "unique_together": [["diffset", "commit_id"]], "__unique_together_applied": true, "index_together": [], "constraints": []}}, "DiffSetHistory": {"fields": {"id": {"type": "django.db.models.AutoField", "attrs": {"primary_key": true}}, "name": {"type": "django.db.models.CharField", "attrs": {"max_length": 256}}, "timestamp": {"type": "django.db.models.DateTimeField"}, "last_diff_updated": {"type": "django.db.models.DateTimeField", "attrs": {"null": true}}, "extra_data": {"type": "djblets.db.fields.json_field.JSONField", "attrs": {"null": true}}}, "meta": {"pk_column": "id", "db_table": "diffviewer_diffsethistory", "indexes": [], "db_tablespace": "", "unique_together": [], "__unique_together_applied": true, "index_together": [], "constraints": []}}, "LegacyFileDiffData": {"fields": {"binary_hash": {"type": "django.db.models.CharField", "attrs": {"max_length": 40, "primary_key": true}}, "binary": {"type": "djblets.db.fields.base64_field.Base64Field"}, "extra_data": {"type": "djblets.db.fields.json_field.JSONField", "attrs": {"null": true}}}, "meta": {"pk_column": "binary_hash", "db_table": "diffviewer_filediffdata", "indexes": [], "db_tablespace": "", "unique_together": [], "__unique_together_applied": true, "index_together": [], "constraints": []}}, "RawFileDiffData": {"fields": {"id": {"type": "django.db.models.AutoField", "attrs": {"primary_key": true}}, "binary_hash": {"type": "django.db.models.CharField", "attrs": {"max_length": 40, "unique": true}}, "binary": {"type": "django.db.models.BinaryField"}, "compression": {"type": "django.db.models.CharField", "attrs": {"max_length": 1, "null": true}}, "extra_data": {"type": "djblets.db.fields.json_field.JSONField", "attrs": {"null": true}}}, "meta": {"pk_column": "id", "db_table": "diffviewer_rawfilediffdata", "indexes": [], "db_tablespace": "", "unique_together": [], "__unique_together_applied": true, "index_together": [], "constraints": []}}, "FileDiff": {"fields": {"id": {"type": "django.db.models.AutoField", "attrs": {"primary_key": true}}, "diffset": {"type": "django.db.models.ForeignKey", "related_model": "diffviewer.DiffSet"}, "commit": {"type": "django.db.models.ForeignKey", "attrs": {"null": true}, "related_model": "diffviewer.DiffCommit"}, "source_file": {"type": "django.db.models.CharField", "attrs": {"max_length": 1024}}, "dest_file": {"type": "django.db.models.CharField", "attrs": {"max_length": 1024}}, "source_revision": {"type": "django.db.models.CharField", "attrs": {"max_length": 512}}, "dest_detail": {"type": "django.db.models.CharField", "attrs": {"max_length": 512}}, "binary": {"type": "django.db.models.BooleanField"}, "status": {"type": "django.db.models.CharField", "attrs": {"max_length": 1}}, "diff64": {"type": "djblets.db.fields.base64_field.Base64Field", "attrs": {"db_column": "diff_base64"}}, "legacy_diff_hash": {"type": "django.db.models.ForeignKey", "attrs": {"null": true, "db_column": "diff_hash_id"}, "related_model": "diffviewer.LegacyFileDiffData"}, "diff_hash": {"type": "django.db.models.ForeignKey", "attrs": {"null": true, "db_column": "raw_diff_hash_id"}, "related_model": "diffviewer.RawFileDiffData"}, "parent_diff64": {"type": "djblets.db.fields.base64_field.Base64Field", "attrs": {"db_column": "parent_diff_base64"}}, "legacy_parent_diff_hash": {"type": "django.db.models.ForeignKey", "attrs": {"null": true, "db_column": "parent_diff_hash_id"}, "related_model": "diffviewer.LegacyFileDiffData"}, "parent_diff_hash": {"type": "django.db.models.ForeignKey", "attrs": {"null": true, "db_column": "raw_parent_diff_hash_id"}, "related_model": "diffviewer.RawFileDiffData"}, "extra_data": {"type": "djblets.db.fields.json_field.JSONField", "attrs": {"null": true}}}, "meta": {"pk_column": "id", "db_table": "diffviewer_filediff", "indexes": [], "db_tablespace": "", "unique_together": [], "__unique_together_applied": true, "index_together": [], "constraints": []}}}}, "hostingsvcs": {"legacy_app_label": "hostingsvcs", "upgrade_method": "evolutions", "models": {"HostingServiceAccount": {"fields": {"id": {"type": "django.db.models.AutoField", "attrs": {"primary_key": true}}, "service_name": {"type": "django.db.models.CharField", "attrs": {"max_length": 128}}, "hosting_url": {"type": "django.db.models.CharField", "attrs": {"max_length": 255, "null": true}}, "username": {"type": "django.db.models.CharField", "attrs": {"max_length": 128}}, "data": {"type": "djblets.db.fields.json_field.JSONField"}, "visible": {"type": "django.db.models.BooleanField"}, "local_site": {"type": "django.db.models.ForeignKey", "attrs": {"null": true}, "related_model": "site.LocalSite"}}, "meta": {"pk_column": "id", "db_table": "hostingsvcs_hostingserviceaccount", "indexes": [], "db_tablespace": "", "unique_together": [], "__unique_together_applied": true, "index_together": [], "constraints": []}}}}, "integrations": {"legacy_app_label": "integrations", "models": {"IntegrationConfig": {"fields": {"id": {"type": "django.db.models.AutoField", "attrs": {"primary_key": true}}, "integration_id": {"type": "django.db.models.CharField", "attrs": {"max_length": 255, "db_index": true}}, "time_added": {"type": "django.db.models.DateTimeField"}, "last_updated": {"type": "django.db.models.DateTimeField"}, "name": {"type": "django.db.models.CharField", "attrs": {"max_length": 255, "null": true}}, "enabled": {"type": "django.db.models.BooleanField", "attrs": {"db_index": true}}, "settings": {"type": "djblets.db.fields.json_field.JSONField"}, "extra_data": {"type": "djblets.db.fields.json_field.JSONField"}, "local_site": {"type": "django.db.models.ForeignKey", "attrs": {"null": true}, "related_model": "site.LocalSite"}}, "meta": {"pk_column": "id", "db_table": "integrations_integrationconfig", "indexes": [], "db_tablespace": "", "unique_together": [], "__unique_together_applied": true, "index_together": [], "constraints": []}}}}, "notifications": {"legacy_app_label": "notifications", "upgrade_method": "evolutions", "models": {"WebHookTarget": {"fields": {"id": {"type": "django.db.models.AutoField", "attrs": {"primary_key": true}}, "enabled": {"type": "django.db.models.BooleanField"}, "events": {"type": "multiselectfield.db.fields.MultiSelectField", "attrs": {"max_length": 105}}, "url": {"type": "django.db.models.URLField", "attrs": {"max_length": 200}}, "encoding": {"type": "django.db.models.CharField", "attrs": {"max_length": 40}}, "use_custom_content": {"type": "django.db.models.BooleanField"}, "custom_content": {"type": "django.db.models.TextField", "attrs": {"null": true}}, "secret": {"type": "django.db.models.CharField", "attrs": {"max_length": 128}}, "apply_to": {"type": "django.db.models.CharField", "attrs": {"max_length": 1}}, "local_site": {"type": "django.db.models.ForeignKey", "attrs": {"null": true}, "related_model": "site.LocalSite"}, "extra_data": {"type": "djblets.db.fields.json_field.JSONField", "attrs": {"null": true}}, "repositories": {"type": "django.db.models.ManyToManyField", "related_model": "scmtools.Repository"}}, "meta": {"pk_column": "id", "db_table": "notifications_webhooktarget", "indexes": [], "db_tablespace": "", "unique_together": [], "__unique_together_applied": true, "index_together": [], "constraints": []}}}}, "oauth": {"legacy_app_label": "oauth", "upgrade_method": "evolutions", "models": {"Application": {"fields": {"id": {"type": "django.db.models.AutoField", "attrs": {"primary_key": true}}, "client_id": {"type": "django.db.models.CharField", "attrs": {"max_length": 100, "unique": true, "db_index": true}}, "user": {"type": "django.db.models.ForeignKey", "related_model": "auth.User"}, "redirect_uris": {"type": "django.db.models.TextField"}, "client_type": {"type": "django.db.models.CharField", "attrs": {"max_length": 32}}, "authorization_grant_type": {"type": "django.db.models.CharField", "attrs": {"max_length": 32}}, "client_secret": {"type": "django.db.models.CharField", "attrs": {"max_length": 255, "db_index": true}}, "name": {"type": "django.db.models.CharField", "attrs": {"max_length": 255}}, "skip_authorization": {"type": "django.db.models.BooleanField"}, "enabled": {"type": "django.db.models.BooleanField"}, "original_user": {"type": "django.db.models.ForeignKey", "attrs": {"null": true}, "related_model": "auth.User"}, "local_site": {"type": "django.db.models.ForeignKey", "attrs": {"null": true}, "related_model": "site.LocalSite"}, "extra_data": {"type": "djblets.db.fields.json_field.JSONField", "attrs": {"null": true}}}, "meta": {"pk_column": "id", "db_table": "reviewboard_oauth_application", "indexes": [], "db_tablespace": "", "unique_together": [], "__unique_together_applied": true, "index_together": [], "constraints": []}}}}, "reviews": {"legacy_app_label": "reviews", "upgrade_method": "evolutions", "models": {"Group": {"fields": {"id": {"type": "django.db.models.AutoField", "attrs": {"primary_key": true}}, "name": {"type": "django.db.models.SlugField", "attrs": {"max_length": 64, "db_index": true}}, "display_name": {"type": "django.db.models.CharField", "attrs": {"max_length": 64}}, "mailing_list": {"type": "django.db.models.CharField", "attrs": {"max_length": 254}}, "email_list_only": {"type": "django.db.models.BooleanField"}, "local_site": {"type": "django.db.models.ForeignKey", "attrs": {"null": true}, "related_model": "site.LocalSite"}, "is_default_group": {"type": "django.db.models.BooleanField"}, "incoming_request_count": {"type": "djblets.db.fields.counter_field.CounterField", "attrs": {"null": true}}, "invite_only": {"type": "django.db.models.BooleanField"}, "visible": {"type": "django.db.models.BooleanField"}, "extra_data": {"type": "djblets.db.fields.json_field.JSONField", "attrs": {"null": true}}, "users": {"type": "django.db.models.ManyToManyField", "related_model": "auth.User"}}, "meta": {"pk_column": "id", "db_table": "reviews_group", "indexes": [], "db_tablespace": "", "unique_together": [["name", "local_site"]], "__unique_together_applied": true, "index_together": [], "constraints": []}}, "DefaultReviewer": {"fields": {"id": {"type": "django.db.models.AutoField", "attrs": {"primary_key": true}}, "name": {"type": "django.db.models.CharField", "attrs": {"max_length": 64}}, "file_regex": {"type": "django.db.models.CharField", "attrs": {"max_length": 256}}, "local_site": {"type": "django.db.models.ForeignKey", "attrs": {"null": true}, "related_model": "site.LocalSite"}, "repository": {"type": "django.db.models.ManyToManyField", "related_model": "scmtools.Repository"}, "groups": {"type": "django.db.models.ManyToManyField", "related_model": "reviews.Group"}, "people": {"type": "django.db.models.ManyToManyField", "related_model": "auth.User"}}, "meta": {"pk_column": "id", "db_table": "reviews_defaultreviewer", "indexes": [], "db_tablespace": "", "unique_together": [], "__unique_together_applied": true, "index_together": [], "constraints": []}}, "Comment": {"fields": {"id": {"type": "django.db.models.AutoField", "attrs": {"primary_key": true}}, "issue_opened": {"type": "django.db.models.BooleanField"}, "issue_status": {"type": "django.db.models.CharField", "attrs": {"max_length": 1, "null": true, "db_index": true}}, "reply_to": {"type": "django.db.models.ForeignKey", "attrs": {"null": true}, "related_model": "reviews.Comment"}, "timestamp": {"type": "django.db.models.DateTimeField"}, "text": {"type": "django.db.models.TextField"}, "rich_text": {"type": "django.db.models.BooleanField"}, "extra_data": {"type": "djblets.db.fields.json_field.JSONField", "attrs": {"null": true}}, "filediff": {"type": "django.db.models.ForeignKey", "related_model": "diffviewer.FileDiff"}, "interfilediff": {"type": "django.db.models.ForeignKey", "attrs": {"null": true}, "related_model": "diffviewer.FileDiff"}, "first_line": {"type": "django.db.models.PositiveIntegerField", "attrs": {"null": true}}, "num_lines": {"type": "django.db.models.PositiveIntegerField", "attrs": {"null": true}}}, "meta": {"pk_column": "id", "db_table": "reviews_comment", "indexes": [], "db_tablespace": "", "unique_together": [], "__unique_together_applied": true, "index_together": [], "constraints": []}}, "FileAttachmentComment": {"fields": {"id": {"type": "django.db.models.AutoField", "attrs": {"primary_key": true}}, "issue_opened": {"type": "django.db.models.BooleanField"}, "issue_status": {"type": "django.db.models.CharField", "attrs": {"max_length": 1, "null": true, "db_index": true}}, "reply_to": {"type": "django.db.models.ForeignKey", "attrs": {"null": true}, "related_model": "reviews.FileAttachmentComment"}, "timestamp": {"type": "django.db.models.DateTimeField"}, "text": {"type": "django.db.models.TextField"}, "rich_text": {"type": "django.db.models.BooleanField"}, "extra_data": {"type": "djblets.db.fields.json_field.JSONField", "attrs": {"null": true}}, "file_attachment": {"type": "django.db.models.ForeignKey", "related_model": "attachments.FileAttachment"}, "diff_against_file_attachment": {"type": "django.db.models.ForeignKey", "attrs": {"null": true}, "related_model": "attachments.FileAttachment"}}, "meta": {"pk_column": "id", "db_table": "reviews_fileattachmentcomment", "indexes": [], "db_tablespace": "", "unique_together": [], "__unique_together_applied": true, "index_together": [], "constraints": []}}, "GeneralComment": {"fields": {"id": {"type": "django.db.models.AutoField", "attrs": {"primary_key": true}}, "issue_opened": {"type": "django.db.models.BooleanField"}, "issue_status": {"type": "django.db.models.CharField", "attrs": {"max_length": 1, "null": true, "db_index": true}}, "reply_to": {"type": "django.db.models.ForeignKey", "attrs": {"null": true}, "related_model": "reviews.GeneralComment"}, "timestamp": {"type": "django.db.models.DateTimeField"}, "text": {"type": "django.db.models.TextField"}, "rich_text": {"type": "django.db.models.BooleanField"}, "extra_data": {"type": "djblets.db.fields.json_field.JSONField", "attrs": {"null": true}}}, "meta": {"pk_column": "id", "db_table": "reviews_generalcomment", "indexes": [], "db_tablespace": "", "unique_together": [], "__unique_together_applied": true, "index_together": [], "constraints": []}}, "Screenshot": {"fields": {"id": {"type": "django.db.models.AutoField", "attrs": {"primary_key": true}}, "caption": {"type": "django.db.models.CharField", "attrs": {"max_length": 256}}, "draft_caption": {"type": "django.db.models.CharField", "attrs": {"max_length": 256}}, "image": {"type": "django.db.models.ImageField", "attrs": {"max_length": 100}}}, "meta": {"pk_column": "id", "db_table": "reviews_screenshot", "indexes": [], "db_tablespace": "", "unique_together": [], "__unique_together_applied": true, "index_together": [], "constraints": []}}, "ReviewRequest": {"fields": {"id": {"type": "django.db.models.AutoField", "attrs": {"primary_key": true}}, "description": {"type": "django.db.models.TextField"}, "description_rich_text": {"type": "django.db.models.BooleanField"}, "testing_done": {"type": "django.db.models.TextField"}, "testing_done_rich_text": {"type": "django.db.models.BooleanField"}, "bugs_closed": {"type": "django.db.models.CharField", "attrs": {"max_length": 300}}, "branch": {"type": "django.db.models.CharField", "attrs": {"max_length": 300}}, "commit_id": {"type": "django.db.models.CharField", "attrs": {"max_length": 64, "null": true, "db_index": true}}, "extra_data": {"type": "djblets.db.fields.json_field.JSONField", "attrs": {"null": true}}, "rich_text": {"type": "django.db.models.BooleanField"}, "summary": {"type": "django.db.models.CharField", "attrs": {"max_length": 300}}, "submitter": {"type": "django.db.models.ForeignKey", "related_model": "auth.User"}, "time_added": {"type": "django.db.models.DateTimeField"}, "last_updated": {"type": "djblets.db.fields.modification_timestamp_field.ModificationTimestampField"}, "status": {"type": "django.db.models.CharField", "attrs": {"max_length": 1, "db_index": true}}, "public": {"type": "django.db.models.BooleanField"}, "changenum": {"type": "django.db.models.PositiveIntegerField", "attrs": {"null": true, "db_index": true}}, "repository": {"type": "django.db.models.ForeignKey", "attrs": {"null": true}, "related_model": "scmtools.Repository"}, "email_message_id": {"type": "django.db.models.CharField", "attrs": {"max_length": 255, "null": true}}, "time_emailed": {"type": "django.db.models.DateTimeField", "attrs": {"null": true}}, "diffset_history": {"type": "django.db.models.ForeignKey", "related_model": "diffviewer.DiffSetHistory"}, "last_review_activity_timestamp": {"type": "django.db.models.DateTimeField", "attrs": {"null": true, "db_column": "last_review_timestamp"}}, "shipit_count": {"type": "djblets.db.fields.counter_field.CounterField", "attrs": {"null": true}}, "issue_open_count": {"type": "djblets.db.fields.counter_field.CounterField", "attrs": {"null": true}}, "issue_resolved_count": {"type": "djblets.db.fields.counter_field.CounterField", "attrs": {"null": true}}, "issue_dropped_count": {"type": "djblets.db.fields.counter_field.CounterField", "attrs": {"null": true}}, "issue_verifying_count": {"type": "djblets.db.fields.counter_field.CounterField", "attrs": {"null": true}}, "screenshots_count": {"type": "djblets.db.fields.relation_counter_field.RelationCounterField", "attrs": {"null": true}}, "inactive_screenshots_count": {"type": "djblets.db.fields.relation_counter_field.RelationCounterField", "attrs": {"null": true}}, "file_attachments_count": {"type": "djblets.db.fields.relation_counter_field.RelationCounterField", "attrs": {"null": true}}, "inactive_file_attachments_count": {"type": "djblets.db.fields.relation_counter_field.RelationCounterField", "attrs": {"null": true}}, "local_site": {"type": "django.db.models.ForeignKey", "attrs": {"null": true}, "related_model": "site.LocalSite"}, "local_id": {"type": "django.db.models.IntegerField", "attrs": {"null": true}}, "target_groups": {"type": "django.db.models.ManyToManyField", "related_model": "reviews.Group"}, "target_people": {"type": "django.db.models.ManyToManyField", "related_model": "auth.User"}, "screenshots": {"type": "django.db.models.ManyToManyField", "related_model": "reviews.Screenshot"}, "inactive_screenshots": {"type": "django.db.models.ManyToManyField", "related_model": "reviews.Screenshot"}, "file_attachments": {"type": "django.db.models.ManyToManyField", "related_model": "attachments.FileAttachment"}, "inactive_file_attachments": {"type": "django.db.models.ManyToManyField", "related_model": "attachments.FileAttachment"}, "file_attachment_histories": {"type": "django.db.models.ManyToManyField", "related_model": "attachments.FileAttachmentHistory"}, "changedescs": {"type": "django.db.models.ManyToManyField", "related_model": "changedescs.ChangeDescription"}, "depends_on": {"type": "django.db.models.ManyToManyField", "related_model": "reviews.ReviewRequest"}}, "meta": {"pk_column": "id", "db_table": "reviews_reviewrequest", "indexes": [], "db_tablespace": "", "unique_together": [["commit_id", "repository"], ["changenum", "repository"], ["local_site", "local_id"]], "__unique_together_applied": true, "index_together": [], "constraints": []}}, "ScreenshotComment": {"fields": {"id": {"type": "django.db.models.AutoField", "attrs": {"primary_key": true}}, "issue_opened": {"type": "django.db.models.BooleanField"}, "issue_status": {"type": "django.db.models.CharField", "attrs": {"max_length": 1, "null": true, "db_index": true}}, "reply_to": {"type": "django.db.models.ForeignKey", "attrs": {"null": true}, "related_model": "reviews.ScreenshotComment"}, "timestamp": {"type": "django.db.models.DateTimeField"}, "text": {"type": "django.db.models.TextField"}, "rich_text": {"type": "django.db.models.BooleanField"}, "extra_data": {"type": "djblets.db.fields.json_field.JSONField", "attrs": {"null": true}}, "screenshot": {"type": "django.db.models.ForeignKey", "related_model": "reviews.Screenshot"}, "x": {"type": "django.db.models.PositiveSmallIntegerField", "attrs": {"null": true}}, "y": {"type": "django.db.models.PositiveSmallIntegerField"}, "w": {"type": "django.db.models.PositiveSmallIntegerField"}, "h": {"type": "django.db.models.PositiveSmallIntegerField"}}, "meta": {"pk_column": "id", "db_table": "reviews_screenshotcomment", "indexes": [], "db_tablespace": "", "unique_together": [], "__unique_together_applied": true, "index_together": [], "constraints": []}}, "Review": {"fields": {"id": {"type": "django.db.models.AutoField", "attrs": {"primary_key": true}}, "review_request": {"type": "django.db.models.ForeignKey", "related_model": "reviews.ReviewRequest"}, "user": {"type": "django.db.models.ForeignKey", "related_model": "auth.User"}, "timestamp": {"type": "django.db.models.DateTimeField"}, "public": {"type": "django.db.models.BooleanField"}, "ship_it": {"type": "django.db.models.BooleanField"}, "base_reply_to": {"type": "django.db.models.ForeignKey", "attrs": {"null": true}, "related_model": "reviews.Review"}, "email_message_id": {"type": "django.db.models.CharField", "attrs": {"max_length": 255, "null": true}}, "time_emailed": {"type": "django.db.models.DateTimeField", "attrs": {"null": true}}, "body_top": {"type": "django.db.models.TextField"}, "body_top_rich_text": {"type": "django.db.models.BooleanField"}, "body_bottom": {"type": "django.db.models.TextField"}, "body_bottom_rich_text": {"type": "django.db.models.BooleanField"}, "body_top_reply_to": {"type": "django.db.models.ForeignKey", "attrs": {"null": true}, "related_model": "reviews.Review"}, "body_bottom_reply_to": {"type": "django.db.models.ForeignKey", "attrs": {"null": true}, "related_model": "reviews.Review"}, "extra_data": {"type": "djblets.db.fields.json_field.JSONField", "attrs": {"null": true}}, "rich_text": {"type": "django.db.models.BooleanField"}, "reviewed_diffset": {"type": "django.db.models.ForeignKey", "attrs": {"null": true}, "related_model": "diffviewer.DiffSet"}, "comments": {"type": "django.db.models.ManyToManyField", "related_model": "reviews.Comment"}, "screenshot_comments": {"type": "django.db.models.ManyToManyField", "related_model": "reviews.ScreenshotComment"}, "file_attachment_comments": {"type": "django.db.models.ManyToManyField", "related_model": "reviews.FileAttachmentComment"}, "general_comments": {"type": "django.db.models.ManyToManyField", "related_model": "reviews.GeneralComment"}}, "meta": {"pk_column": "id", "db_table": "reviews_review", "indexes": [], "db_tablespace": "", "unique_together": [], "__unique_together_applied": true, "index_together": [], "constraints": []}}, "ReviewRequestDraft": {"fields": {"id": {"type": "django.db.models.AutoField", "attrs": {"primary_key": true}}, "description": {"type": "django.db.models.TextField"}, "description_rich_text": {"type": "django.db.models.BooleanField"}, "testing_done": {"type": "django.db.models.TextField"}, "testing_done_rich_text": {"type": "django.db.models.BooleanField"}, "bugs_closed": {"type": "django.db.models.CharField", "attrs": {"max_length": 300}}, "branch": {"type": "django.db.models.CharField", "attrs": {"max_length": 300}}, "commit_id": {"type": "django.db.models.CharField", "attrs": {"max_length": 64, "null": true, "db_index": true}}, "extra_data": {"type": "djblets.db.fields.json_field.JSONField", "attrs": {"null": true}}, "rich_text": {"type": "django.db.models.BooleanField"}, "summary": {"type": "django.db.models.CharField", "attrs": {"max_length": 300}}, "owner": {"type": "django.db.models.ForeignKey", "attrs": {"null": true}, "related_model": "auth.User"}, "review_request": {"type": "django.db.models.ForeignKey", "attrs": {"unique": true}, "related_model": "reviews.ReviewRequest"}, "last_updated": {"type": "djblets.db.fields.modification_timestamp_field.ModificationTimestampField"}, "diffset": {"type": "django.db.models.ForeignKey", "attrs": {"null": true}, "related_model": "diffviewer.DiffSet"}, "changedesc": {"type": "django.db.models.ForeignKey", "attrs": {"null": true}, "related_model": "changedescs.ChangeDescription"}, "screenshots_count": {"type": "djblets.db.fields.relation_counter_field.RelationCounterField", "attrs": {"null": true}}, "inactive_screenshots_count": {"type": "djblets.db.fields.relation_counter_field.RelationCounterField", "attrs": {"null": true}}, "file_attachments_count": {"type": "djblets.db.fields.relation_counter_field.RelationCounterField", "attrs": {"null": true}}, "inactive_file_attachments_count": {"type": "djblets.db.fields.relation_counter_field.RelationCounterField", "attrs": {"null": true}}, "target_groups": {"type": "django.db.models.ManyToManyField", "related_model": "reviews.Group"}, "target_people": {"type": "django.db.models.ManyToManyField", "related_model": "auth.User"}, "screenshots": {"type": "django.db.models.ManyToManyField", "related_model": "reviews.Screenshot"}, "inactive_screenshots": {"type": "django.db.models.ManyToManyField", "related_model": "reviews.Screenshot"}, "file_attachments": {"type": "django.db.models.ManyToManyField", "related_model": "attachments.FileAttachment"}, "inactive_file_attachments": {"type": "django.db.models.ManyToManyField", "related_model": "attachments.FileAttachment"}, "depends_on": {"type": "django.db.models.ManyToManyField", "related_model": "reviews.ReviewRequest"}}, "meta": {"pk_column": "id", "db_table": "reviews_reviewrequestdraft", "indexes": [], "db_tablespace": "", "unique_together": [], "__unique_together_applied": true, "index_together": [], "constraints": []}}, "StatusUpdate": {"fields": {"id": {"type": "django.db.models.AutoField", "attrs": {"primary_key": true}}, "service_id": {"type": "django.db.models.CharField", "attrs": {"max_length": 255}}, "user": {"type": "django.db.models.ForeignKey", "attrs": {"null": true}, "related_model": "auth.User"}, "timestamp": {"type": "django.db.models.DateTimeField"}, "summary": {"type": "django.db.models.CharField", "attrs": {"max_length": 255}}, "description": {"type": "django.db.models.CharField", "attrs": {"max_length": 255}}, "url": {"type": "django.db.models.URLField", "attrs": {"max_length": 255}}, "url_text": {"type": "django.db.models.CharField", "attrs": {"max_length": 64}}, "state": {"type": "django.db.models.CharField", "attrs": {"max_length": 1}}, "review_request": {"type": "django.db.models.ForeignKey", "related_model": "reviews.ReviewRequest"}, "change_description": {"type": "django.db.models.ForeignKey", "attrs": {"null": true}, "related_model": "changedescs.ChangeDescription"}, "review": {"type": "django.db.models.OneToOneField", "attrs": {"unique": true, "null": true}, "related_model": "reviews.Review"}, "extra_data": {"type": "djblets.db.fields.json_field.JSONField", "attrs": {"null": true}}, "timeout": {"type": "django.db.models.IntegerField", "attrs": {"null": true}}}, "meta": {"pk_column": "id", "db_table": "reviews_statusupdate", "indexes": [], "db_tablespace": "", "unique_together": [], "__unique_together_applied": true, "index_together": [], "constraints": []}}}}, "scmtools": {"legacy_app_label": "scmtools", "upgrade_method": "evolutions", "models": {"Tool": {"fields": {"id": {"type": "django.db.models.AutoField", "attrs": {"primary_key": true}}, "name": {"type": "django.db.models.CharField", "attrs": {"max_length": 32, "unique": true}}, "class_name": {"type": "django.db.models.CharField", "attrs": {"max_length": 128, "unique": true}}}, "meta": {"pk_column": "id", "db_table": "scmtools_tool", "indexes": [], "db_tablespace": "", "unique_together": [], "__unique_together_applied": true, "index_together": [], "constraints": []}}, "Repository": {"fields": {"id": {"type": "django.db.models.AutoField", "attrs": {"primary_key": true}}, "name": {"type": "django.db.models.CharField", "attrs": {"max_length": 255}}, "path": {"type": "django.db.models.CharField", "attrs": {"max_length": 255}}, "mirror_path": {"type": "django.db.models.CharField", "attrs": {"max_length": 255}}, "raw_file_url": {"type": "django.db.models.CharField", "attrs": {"max_length": 255}}, "username": {"type": "django.db.models.CharField", "attrs": {"max_length": 32}}, "encrypted_password": {"type": "django.db.models.CharField", "attrs": {"max_length": 128, "db_column": "password"}}, "extra_data": {"type": "djblets.db.fields.json_field.JSONField", "attrs": {"null": true}}, "tool": {"type": "django.db.models.ForeignKey", "related_model": "scmtools.Tool"}, "hosting_account": {"type": "django.db.models.ForeignKey", "attrs": {"null": true}, "related_model": "hostingsvcs.HostingServiceAccount"}, "bug_tracker": {"type": "django.db.models.CharField", "attrs": {"max_length": 256}}, "encoding": {"type": "django.db.models.CharField", "attrs": {"max_length": 32}}, "visible": {"type": "django.db.models.BooleanField"}, "archived": {"type": "django.db.models.BooleanField"}, "archived_timestamp": {"type": "django.db.models.DateTimeField", "attrs": {"null": true}}, "local_site": {"type": "django.db.models.ForeignKey", "attrs": {"null": true}, "related_model": "site.LocalSite"}, "public": {"type": "django.db.models.BooleanField"}, "hooks_uuid": {"type": "django.db.models.CharField", "attrs": {"max_length": 32, "null": true}}, "users": {"type": "django.db.models.ManyToManyField", "related_model": "auth.User"}, "review_groups": {"type": "django.db.models.ManyToManyField", "related_model": "reviews.Group"}}, "meta": {"pk_column": "id", "db_table": "scmtools_repository", "indexes": [], "db_tablespace": "", "unique_together": [["name", "local_site"], ["archived_timestamp", "path", "local_site"], ["hooks_uuid", "local_site"]], "__unique_together_applied": true, "index_together": [], "constraints": []}}}}, "site": {"legacy_app_label": "site", "upgrade_method": "evolutions", "models": {"LocalSite": {"fields": {"id": {"type": "django.db.models.AutoField", "attrs": {"primary_key": true}}, "name": {"type": "django.db.models.SlugField", "attrs": {"max_length": 32, "unique": true, "db_index": true}}, "public": {"type": "django.db.models.BooleanField"}, "extra_data": {"type": "djblets.db.fields.json_field.JSONField", "attrs": {"null": true}}, "users": {"type": "django.db.models.ManyToManyField", "related_model": "auth.User"}, "admins": {"type": "django.db.models.ManyToManyField", "related_model": "auth.User"}}, "meta": {"pk_column": "id", "db_table": "site_localsite", "indexes": [], "db_tablespace": "", "unique_together": [], "__unique_together_applied": true, "index_together": [], "constraints": []}}}}, "webapi": {"legacy_app_label": "webapi", "upgrade_method": "evolutions", "models": {"WebAPIToken": {"fields": {"id": {"type": "django.db.models.AutoField", "attrs": {"primary_key": true}}, "user": {"type": "django.db.models.ForeignKey", "related_model": "auth.User"}, "token": {"type": "django.db.models.CharField", "attrs": {"max_length": 40, "unique": true}}, "time_added": {"type": "django.db.models.DateTimeField"}, "last_updated": {"type": "django.db.models.DateTimeField"}, "note": {"type": "django.db.models.TextField"}, "policy": {"type": "djblets.db.fields.json_field.JSONField", "attrs": {"null": true}}, "extra_data": {"type": "djblets.db.fields.json_field.JSONField", "attrs": {"null": true}}, "local_site": {"type": "django.db.models.ForeignKey", "attrs": {"null": true}, "related_model": "site.LocalSite"}}, "meta": {"pk_column": "id", "db_table": "webapi_webapitoken", "indexes": [], "db_tablespace": "", "unique_together": [], "__unique_together_applied": true, "index_together": [], "constraints": []}}}}}}','2022-05-16 00:54:02.629418');
CREATE TABLE IF NOT EXISTS "django_evolution" ("id" integer NOT NULL PRIMARY KEY AUTOINCREMENT, "version_id" integer NOT NULL REFERENCES "django_project_version" ("id"), "app_label" varchar(200) NOT NULL, "label" varchar(100) NOT NULL);
INSERT INTO django_evolution VALUES(1,1,'admin','admin_move_to_migrations');
INSERT INTO django_evolution VALUES(2,1,'auth','auth_delete_message');
INSERT INTO django_evolution VALUES(3,1,'auth','auth_unique_together_baseline');
INSERT INTO django_evolution VALUES(4,1,'auth','auth_move_to_migrations');
INSERT INTO django_evolution VALUES(5,1,'contenttypes','contenttypes_unique_together_baseline');
INSERT INTO django_evolution VALUES(6,1,'contenttypes','contenttypes_move_to_migrations');
INSERT INTO django_evolution VALUES(7,1,'sites','sites_move_to_migrations');
INSERT INTO django_evolution VALUES(8,1,'sessions','session_expire_date_db_index');
INSERT INTO django_evolution VALUES(9,1,'sessions','sessions_move_to_migrations');
INSERT INTO django_evolution VALUES(10,1,'djblets_extensions','update_app_label');
INSERT INTO django_evolution VALUES(11,1,'djblets_privacy','audit_indentifier');
INSERT INTO django_evolution VALUES(12,1,'djblets_privacy','update_app_label');
INSERT INTO django_evolution VALUES(13,1,'djblets_siteconfig','update_app_label');
INSERT INTO django_evolution VALUES(14,1,'oauth2_provider','move_to_migrations');
INSERT INTO django_evolution VALUES(15,1,'accounts','is_private');
INSERT INTO django_evolution VALUES(16,1,'accounts','timezone');
INSERT INTO django_evolution VALUES(17,1,'accounts','open_an_issue');
INSERT INTO django_evolution VALUES(18,1,'accounts','extra_data');
INSERT INTO django_evolution VALUES(19,1,'accounts','timezone_length_30');
INSERT INTO django_evolution VALUES(20,1,'accounts','localsiteprofile_permissions');
INSERT INTO django_evolution VALUES(21,1,'accounts','unique_together_baseline');
INSERT INTO django_evolution VALUES(22,1,'accounts','profile_show_closed');
INSERT INTO django_evolution VALUES(23,1,'accounts','profile_should_send_email');
INSERT INTO django_evolution VALUES(24,1,'accounts','profile_should_send_own_updates');
INSERT INTO django_evolution VALUES(25,1,'accounts','profile_default_use_rich_text');
INSERT INTO django_evolution VALUES(26,1,'accounts','reviewrequestvisit_visibility');
INSERT INTO django_evolution VALUES(27,1,'accounts','profile_settings');
INSERT INTO django_evolution VALUES(28,1,'attachments','file_attachment_orig_filename');
INSERT INTO django_evolution VALUES(29,1,'attachments','file_attachment_file_max_length_512');
INSERT INTO django_evolution VALUES(30,1,'attachments','file_attachment_repo_info');
INSERT INTO django_evolution VALUES(31,1,'attachments','file_attachment_repo_path_no_index');
INSERT INTO django_evolution VALUES(32,1,'attachments','file_attachment_repo_revision_max_length_64');
INSERT INTO django_evolution VALUES(33,1,'attachments','file_attachment_revision');
INSERT INTO django_evolution VALUES(34,1,'attachments','file_attachment_ownership');
INSERT INTO django_evolution VALUES(35,1,'attachments','file_attachment_uuid');
INSERT INTO django_evolution VALUES(36,1,'changedescs','rich_text');
INSERT INTO django_evolution VALUES(37,1,'changedescs','changedesc_user');
INSERT INTO django_evolution VALUES(38,1,'diffviewer','add_parent_diffs');
INSERT INTO django_evolution VALUES(39,1,'diffviewer','filediff_filenames_1024_chars');
INSERT INTO django_evolution VALUES(40,1,'diffviewer','diffset_basedir');
INSERT INTO django_evolution VALUES(41,1,'diffviewer','filediff_status');
INSERT INTO django_evolution VALUES(42,1,'diffviewer','add_diff_hash');
INSERT INTO django_evolution VALUES(43,1,'diffviewer','diffsethistory_diff_updated');
INSERT INTO django_evolution VALUES(44,1,'diffviewer','filediffdata_line_counts');
INSERT INTO django_evolution VALUES(45,1,'diffviewer','diffset_base_commit_id');
INSERT INTO django_evolution VALUES(46,1,'diffviewer','filediffdata_extra_data');
INSERT INTO django_evolution VALUES(47,1,'diffviewer','all_extra_data');
INSERT INTO django_evolution VALUES(48,1,'diffviewer','raw_diff_file_data');
INSERT INTO django_evolution VALUES(49,1,'diffviewer','diffcommit_relations');
INSERT INTO django_evolution VALUES(50,1,'diffviewer','delete_file_count_fields');
INSERT INTO django_evolution VALUES(51,1,'hostingsvcs','account_hosting_url');
INSERT INTO django_evolution VALUES(52,1,'hostingsvcs','account_hosting_url_max_length_255');
INSERT INTO django_evolution VALUES(53,1,'hostingsvcs','account_unique_together_baseline');
INSERT INTO django_evolution VALUES(54,1,'notifications','webhooktarget_extra_state');
INSERT INTO django_evolution VALUES(55,1,'notifications','webhooktarget_extra_data_null');
INSERT INTO django_evolution VALUES(56,1,'notifications','manytomanyfield_rm_null');
INSERT INTO django_evolution VALUES(57,1,'oauth','disabled_for_security');
INSERT INTO django_evolution VALUES(58,1,'reviews','change_descriptions');
INSERT INTO django_evolution VALUES(59,1,'reviews','last_review_timestamp');
INSERT INTO django_evolution VALUES(60,1,'reviews','shipit_count');
INSERT INTO django_evolution VALUES(61,1,'reviews','default_reviewer_repositories');
INSERT INTO django_evolution VALUES(62,1,'reviews','null_repository');
INSERT INTO django_evolution VALUES(63,1,'reviews','localsite');
INSERT INTO django_evolution VALUES(64,1,'reviews','group_incoming_request_count');
INSERT INTO django_evolution VALUES(65,1,'reviews','group_invite_only');
INSERT INTO django_evolution VALUES(66,1,'reviews','group_visible');
INSERT INTO django_evolution VALUES(67,1,'reviews','default_reviewer_local_site');
INSERT INTO django_evolution VALUES(68,1,'reviews','add_issues_to_comments');
INSERT INTO django_evolution VALUES(69,1,'reviews','file_attachments');
INSERT INTO django_evolution VALUES(70,1,'reviews','file_attachment_comment_extra_data');
INSERT INTO django_evolution VALUES(71,1,'reviews','review_request_last_review_activity_timestamp');
INSERT INTO django_evolution VALUES(72,1,'reviews','review_request_depends_on');
INSERT INTO django_evolution VALUES(73,1,'reviews','commit_id');
INSERT INTO django_evolution VALUES(74,1,'reviews','file_attachment_comment_diff_id');
INSERT INTO django_evolution VALUES(75,1,'reviews','rich_text');
INSERT INTO django_evolution VALUES(76,1,'reviews','base_comment_extra_data');
INSERT INTO django_evolution VALUES(77,1,'reviews','unique_together_baseline');
INSERT INTO django_evolution VALUES(78,1,'reviews','extra_data');
INSERT INTO django_evolution VALUES(79,1,'reviews','review_request_issue_counts');
INSERT INTO django_evolution VALUES(80,1,'reviews','group_mailing_list_charfield');
INSERT INTO django_evolution VALUES(81,1,'reviews','review_request_draft_commit_id');
INSERT INTO django_evolution VALUES(82,1,'reviews','group_email_list_only');
INSERT INTO django_evolution VALUES(83,1,'reviews','review_request_file_attachment_histories');
INSERT INTO django_evolution VALUES(84,1,'reviews','review_request_summary_index');
INSERT INTO django_evolution VALUES(85,1,'reviews','review_request_summary_index_manual');
INSERT INTO django_evolution VALUES(86,1,'reviews','split_rich_text');
INSERT INTO django_evolution VALUES(87,1,'reviews','is_default_group');
INSERT INTO django_evolution VALUES(88,1,'reviews','general_comments');
INSERT INTO django_evolution VALUES(89,1,'reviews','add_owner_to_draft');
INSERT INTO django_evolution VALUES(90,1,'reviews','status_update_timeout');
INSERT INTO django_evolution VALUES(91,1,'reviews','comment_issue_verification');
INSERT INTO django_evolution VALUES(92,1,'reviews','review_request_screenshot_attachment_counters');
INSERT INTO django_evolution VALUES(93,1,'reviews','manytomanyfield_rm_null');
INSERT INTO django_evolution VALUES(94,1,'scmtools','bugzilla_url_charfield');
INSERT INTO django_evolution VALUES(95,1,'scmtools','repository_raw_file_url');
INSERT INTO django_evolution VALUES(96,1,'scmtools','repository_visible');
INSERT INTO django_evolution VALUES(97,1,'scmtools','repository_path_length_255');
INSERT INTO django_evolution VALUES(98,1,'scmtools','localsite');
INSERT INTO django_evolution VALUES(99,1,'scmtools','repository_access_control');
INSERT INTO django_evolution VALUES(100,1,'scmtools','group_site');
INSERT INTO django_evolution VALUES(101,1,'scmtools','repository_hosting_accounts');
INSERT INTO django_evolution VALUES(102,1,'scmtools','repository_extra_data_null');
INSERT INTO django_evolution VALUES(103,1,'scmtools','unique_together_baseline');
INSERT INTO django_evolution VALUES(104,1,'scmtools','repository_archive');
INSERT INTO django_evolution VALUES(105,1,'scmtools','repository_hooks_uuid');
INSERT INTO django_evolution VALUES(106,1,'scmtools','repository_raw_password');
INSERT INTO django_evolution VALUES(107,1,'scmtools','repository_name_length_255');
INSERT INTO django_evolution VALUES(108,1,'site','localsite_public');
INSERT INTO django_evolution VALUES(109,1,'site','localsite_extra_data');
INSERT INTO django_evolution VALUES(110,1,'webapi','webapitoken_jsonfield_null');
CREATE TABLE IF NOT EXISTS "corsheaders_corsmodel" ("id" integer NOT NULL PRIMARY KEY AUTOINCREMENT, "cors" varchar(255) NOT NULL);
CREATE TABLE IF NOT EXISTS "auth_group" ("id" integer NOT NULL PRIMARY KEY AUTOINCREMENT, "name" varchar(80) NOT NULL UNIQUE);
CREATE TABLE IF NOT EXISTS "auth_group_permissions" ("id" integer NOT NULL PRIMARY KEY AUTOINCREMENT, "group_id" integer NOT NULL REFERENCES "auth_group" ("id"), "permission_id" integer NOT NULL REFERENCES "auth_permission" ("id"));
CREATE TABLE IF NOT EXISTS "auth_user_groups" ("id" integer NOT NULL PRIMARY KEY AUTOINCREMENT, "user_id" integer NOT NULL REFERENCES "auth_user" ("id"), "group_id" integer NOT NULL REFERENCES "auth_group" ("id"));
CREATE TABLE IF NOT EXISTS "auth_user_user_permissions" ("id" integer NOT NULL PRIMARY KEY AUTOINCREMENT, "user_id" integer NOT NULL REFERENCES "auth_user" ("id"), "permission_id" integer NOT NULL REFERENCES "auth_permission" ("id"));
CREATE TABLE IF NOT EXISTS "django_session" ("session_key" varchar(40) NOT NULL PRIMARY KEY, "session_data" text NOT NULL, "expire_date" datetime NOT NULL);
CREATE TABLE IF NOT EXISTS "extensions_registeredextension" ("id" integer NOT NULL PRIMARY KEY AUTOINCREMENT, "class_name" varchar(128) NOT NULL UNIQUE, "name" varchar(32) NOT NULL, "enabled" bool NOT NULL, "installed" bool NOT NULL, "settings" text NOT NULL);
CREATE TABLE IF NOT EXISTS "djblets_privacy_storedconsentdata" ("id" integer NOT NULL PRIMARY KEY AUTOINCREMENT, "user_id" integer NULL UNIQUE REFERENCES "auth_user" ("id"), "audit_identifier" varchar(255) NULL, "time_added" datetime NOT NULL, "last_updated" datetime NOT NULL, "consent_grants" text NOT NULL, "audit_trail" text NOT NULL);
CREATE TABLE IF NOT EXISTS "siteconfig_siteconfiguration" ("id" integer NOT NULL PRIMARY KEY AUTOINCREMENT, "site_id" integer NOT NULL REFERENCES "django_site" ("id"), "version" varchar(20) NOT NULL, "settings" text NOT NULL);
INSERT INTO siteconfig_siteconfiguration VALUES(1,1,'4.0.7 alpha 0 (dev)','{"auth_ad_domain_controller": null, "auth_ad_domain_name": null, "auth_ad_find_dc_from_dns": null, "auth_ad_group_name": null, "auth_ad_ou_name": null, "auth_ad_recursion_depth": null, "auth_ad_search_root": null, "auth_ad_use_tls": null, "auth_backend": "builtin", "auth_digest_file_location": null, "auth_digest_realm": null, "auth_ldap_anon_bind_passwd": "", "auth_ldap_anon_bind_uid": "", "auth_ldap_base_dn": null, "auth_ldap_email_attribute": null, "auth_ldap_email_domain": "", "auth_ldap_full_name_attribute": null, "auth_ldap_given_name_attribute": null, "auth_ldap_surname_attribute": null, "auth_ldap_tls": false, "auth_ldap_uid": "uid", "auth_ldap_uid_mask": "", "auth_ldap_uri": "", "auth_nis_email_domain": "", "auth_require_sitewide_login": false, "auth_x509_autocreate_users": false, "auth_x509_custom_username_field": null, "auth_x509_username_field": "SSL_CLIENT_S_DN_CN", "auth_x509_username_regex": "", "aws_access_key_id": "", "aws_calling_format": 2, "aws_default_acl": "public-read", "aws_headers": {}, "aws_querystring_active": false, "aws_querystring_auth": false, "aws_querystring_expire": 60, "aws_s3_bucket_name": "", "aws_s3_secure_urls": false, "aws_secret_access_key": "", "cache_backend": {"default": {"BACKEND": "djblets.cache.forwarding_backend.ForwardingCacheBackend", "LOCATION": "forwarded_backend"}, "forwarded_backend": {"BACKEND": "django.core.cache.backends.locmem.LocMemCache", "LOCATION": "reviewboard"}, "staticfiles": {"BACKEND": "django.core.cache.backends.locmem.LocMemCache", "LOCATION": "staticfiles-filehashes"}}, "cache_expiration_time": 2592000, "couchdb_default_server": "", "couchdb_storage_options": {}, "diffviewer_context_num_lines": 5, "diffviewer_include_space_patterns": [], "diffviewer_paginate_by": 20, "diffviewer_paginate_orphans": 10, "diffviewer_syntax_highlighting": true, "locale_date_format": "N j, Y", "locale_datetime_format": "N j, Y, P", "locale_default_charset": "utf-8", "locale_language_code": "en-us", "locale_month_day_format": "F j", "locale_time_format": "P", "locale_timezone": "UTC", "locale_year_month_format": "F Y", "logging_allow_profiling": false, "logging_directory": null, "logging_enabled": true, "logging_level": "DEBUG", "mail_default_from": "webmaster@localhost", "mail_host": "localhost", "mail_host_password": "", "mail_host_user": "", "mail_port": 25, "mail_send_review_mail": false, "mail_server_address": "root@localhost", "mail_use_tls": false, "recaptcha_private_key": null, "recaptcha_public_key": null, "search_enable": false, "search_index_file": null, "site_admin_email": "admin@example.com", "site_admin_name": "Example Admin", "site_domain_method": "http", "site_media_root": "/site/htdocs/media/", "site_media_url": "/media/", "site_prepend_www": false, "site_static_root": "/site/htdocs/static/", "site_static_url": "/static/", "site_upload_max_memory_size": 2621440, "site_upload_temp_dir": null, "swift_auth_url": "", "swift_auth_version": "1", "swift_container_name": "", "swift_key": "", "swift_username": ""}');
CREATE TABLE IF NOT EXISTS "site_localsite" ("id" integer NOT NULL PRIMARY KEY AUTOINCREMENT, "name" varchar(32) NOT NULL UNIQUE, "public" bool NOT NULL, "extra_data" text NULL);
CREATE TABLE IF NOT EXISTS "site_localsite_users" ("id" integer NOT NULL PRIMARY KEY AUTOINCREMENT, "localsite_id" integer NOT NULL REFERENCES "site_localsite" ("id"), "user_id" integer NOT NULL REFERENCES "auth_user" ("id"));
CREATE TABLE IF NOT EXISTS "site_localsite_admins" ("id" integer NOT NULL PRIMARY KEY AUTOINCREMENT, "localsite_id" integer NOT NULL REFERENCES "site_localsite" ("id"), "user_id" integer NOT NULL REFERENCES "auth_user" ("id"));
CREATE TABLE IF NOT EXISTS "reviewboard_oauth_application" ("id" integer NOT NULL PRIMARY KEY AUTOINCREMENT, "client_id" varchar(100) NOT NULL UNIQUE, "user_id" integer NOT NULL REFERENCES "auth_user" ("id"), "redirect_uris" text NOT NULL, "client_type" varchar(32) NOT NULL, "authorization_grant_type" varchar(32) NOT NULL, "client_secret" varchar(255) NOT NULL, "name" varchar(255) NOT NULL, "skip_authorization" bool NOT NULL, "enabled" bool NOT NULL, "original_user_id" integer NULL REFERENCES "auth_user" ("id"), "local_site_id" integer NULL REFERENCES "site_localsite" ("id"), "extra_data" text NULL);
CREATE TABLE IF NOT EXISTS "oauth2_provider_grant" ("id" integer NOT NULL PRIMARY KEY AUTOINCREMENT, "code" varchar(255) NOT NULL, "expires" datetime NOT NULL, "redirect_uri" varchar(255) NOT NULL, "scope" text NOT NULL, "application_id" integer NOT NULL REFERENCES "reviewboard_oauth_application" ("id"), "user_id" integer NOT NULL REFERENCES "auth_user" ("id"));
CREATE TABLE IF NOT EXISTS "oauth2_provider_refreshtoken" ("id" integer NOT NULL PRIMARY KEY AUTOINCREMENT, "token" varchar(255) NOT NULL, "access_token_id" integer NOT NULL UNIQUE REFERENCES "oauth2_provider_accesstoken" ("id"), "application_id" integer NOT NULL REFERENCES "reviewboard_oauth_application" ("id"), "user_id" integer NOT NULL REFERENCES "auth_user" ("id"));
CREATE TABLE IF NOT EXISTS "oauth2_provider_application" ("id" integer NOT NULL PRIMARY KEY AUTOINCREMENT, "client_id" varchar(100) NOT NULL UNIQUE, "redirect_uris" text NOT NULL, "client_type" varchar(32) NOT NULL, "authorization_grant_type" varchar(32) NOT NULL, "client_secret" varchar(255) NOT NULL, "name" varchar(255) NOT NULL, "skip_authorization" bool NOT NULL, "user_id" integer NOT NULL REFERENCES "auth_user" ("id"));
CREATE TABLE IF NOT EXISTS "oauth2_provider_accesstoken" ("id" integer NOT NULL PRIMARY KEY AUTOINCREMENT, "token" varchar(255) NOT NULL, "expires" datetime NOT NULL, "scope" text NOT NULL, "application_id" integer NOT NULL REFERENCES "reviewboard_oauth_application" ("id"), "user_id" integer NULL REFERENCES "auth_user" ("id"));
CREATE TABLE IF NOT EXISTS "accounts_reviewrequestvisit" ("id" integer NOT NULL PRIMARY KEY AUTOINCREMENT, "user_id" integer NOT NULL REFERENCES "auth_user" ("id"), "review_request_id" integer NOT NULL REFERENCES "reviews_reviewrequest" ("id"), "timestamp" datetime NOT NULL, "visibility" varchar(1) NOT NULL);
CREATE TABLE IF NOT EXISTS "accounts_profile" ("id" integer NOT NULL PRIMARY KEY AUTOINCREMENT, "user_id" integer NOT NULL UNIQUE REFERENCES "auth_user" ("id"), "first_time_setup_done" bool NOT NULL, "should_send_email" bool NOT NULL, "should_send_own_updates" bool NOT NULL, "collapsed_diffs" bool NOT NULL, "wordwrapped_diffs" bool NOT NULL, "syntax_highlighting" bool NOT NULL, "is_private" bool NOT NULL, "open_an_issue" bool NOT NULL, "default_use_rich_text" bool NULL, "show_closed" bool NOT NULL, "sort_review_request_columns" varchar(256) NOT NULL, "sort_dashboard_columns" varchar(256) NOT NULL, "sort_submitter_columns" varchar(256) NOT NULL, "sort_group_columns" varchar(256) NOT NULL, "review_request_columns" varchar(256) NOT NULL, "dashboard_columns" varchar(256) NOT NULL, "submitter_columns" varchar(256) NOT NULL, "group_columns" varchar(256) NOT NULL, "timezone" varchar(30) NOT NULL, "settings" text NULL, "extra_data" text NULL);
CREATE TABLE IF NOT EXISTS "accounts_profile_starred_review_requests" ("id" integer NOT NULL PRIMARY KEY AUTOINCREMENT, "profile_id" integer NOT NULL REFERENCES "accounts_profile" ("id"), "reviewrequest_id" integer NOT NULL REFERENCES "reviews_reviewrequest" ("id"));
CREATE TABLE IF NOT EXISTS "accounts_profile_starred_groups" ("id" integer NOT NULL PRIMARY KEY AUTOINCREMENT, "profile_id" integer NOT NULL REFERENCES "accounts_profile" ("id"), "group_id" integer NOT NULL REFERENCES "reviews_group" ("id"));
CREATE TABLE IF NOT EXISTS "accounts_localsiteprofile" ("id" integer NOT NULL PRIMARY KEY AUTOINCREMENT, "user_id" integer NOT NULL REFERENCES "auth_user" ("id"), "profile_id" integer NOT NULL REFERENCES "accounts_profile" ("id"), "local_site_id" integer NULL REFERENCES "site_localsite" ("id"), "permissions" text NULL, "direct_incoming_request_count" integer NULL, "total_incoming_request_count" integer NULL, "pending_outgoing_request_count" integer NULL, "total_outgoing_request_count" integer NULL, "starred_public_request_count" integer NULL);
CREATE TABLE IF NOT EXISTS "accounts_trophy" ("id" integer NOT NULL PRIMARY KEY AUTOINCREMENT, "category" varchar(100) NOT NULL, "received_date" datetime NOT NULL, "review_request_id" integer NOT NULL REFERENCES "reviews_reviewrequest" ("id"), "local_site_id" integer NULL REFERENCES "site_localsite" ("id"), "user_id" integer NOT NULL REFERENCES "auth_user" ("id"));
CREATE TABLE IF NOT EXISTS "attachments_fileattachmenthistory" ("id" integer NOT NULL PRIMARY KEY AUTOINCREMENT, "display_position" integer NOT NULL, "latest_revision" integer NULL);
CREATE TABLE IF NOT EXISTS "attachments_fileattachment" ("id" integer NOT NULL PRIMARY KEY AUTOINCREMENT, "caption" varchar(256) NOT NULL, "draft_caption" varchar(256) NOT NULL, "orig_filename" varchar(256) NULL, "user_id" integer NULL REFERENCES "auth_user" ("id"), "local_site_id" integer NULL REFERENCES "site_localsite" ("id"), "uuid" varchar(255) NOT NULL, "file" varchar(512) NULL, "mimetype" varchar(256) NOT NULL, "repo_path" varchar(1024) NULL, "repo_revision" varchar(64) NULL, "repository_id" integer NULL REFERENCES "scmtools_repository" ("id"), "added_in_filediff_id" integer NULL REFERENCES "diffviewer_filediff" ("id"), "attachment_history_id" integer NULL REFERENCES "attachments_fileattachmenthistory" ("id"), "attachment_revision" integer NOT NULL);
CREATE TABLE IF NOT EXISTS "changedescs_changedescription" ("id" integer NOT NULL PRIMARY KEY AUTOINCREMENT, "user_id" integer NULL REFERENCES "auth_user" ("id"), "timestamp" datetime NOT NULL, "public" bool NOT NULL, "text" text NOT NULL, "rich_text" bool NOT NULL, "fields_changed" text NOT NULL);
CREATE TABLE IF NOT EXISTS "diffviewer_diffset" ("id" integer NOT NULL PRIMARY KEY AUTOINCREMENT, "name" varchar(256) NOT NULL, "revision" integer NOT NULL, "timestamp" datetime NOT NULL, "basedir" varchar(256) NOT NULL, "history_id" integer NULL REFERENCES "diffviewer_diffsethistory" ("id"), "repository_id" integer NOT NULL REFERENCES "scmtools_repository" ("id"), "diffcompat" integer NOT NULL, "base_commit_id" varchar(64) NULL, "commit_count" integer NULL, "extra_data" text NULL);
CREATE TABLE IF NOT EXISTS "diffviewer_diffcommit" ("id" integer NOT NULL PRIMARY KEY AUTOINCREMENT, "filename" varchar(256) NOT NULL, "diffset_id" integer NOT NULL REFERENCES "diffviewer_diffset" ("id"), "author_name" varchar(256) NOT NULL, "author_email" varchar(256) NOT NULL, "author_date_utc" datetime NOT NULL, "author_date_offset" integer NOT NULL, "committer_name" varchar(256) NULL, "committer_email" varchar(256) NULL, "committer_date_utc" datetime NULL, "committer_date_offset" integer NULL, "commit_message" text NOT NULL, "commit_id" varchar(64) NOT NULL, "parent_id" varchar(64) NOT NULL, "last_modified" datetime NOT NULL, "extra_data" text NULL);
CREATE TABLE IF NOT EXISTS "diffviewer_diffsethistory" ("id" integer NOT NULL PRIMARY KEY AUTOINCREMENT, "name" varchar(256) NOT NULL, "timestamp" datetime NOT NULL, "last_diff_updated" datetime NULL, "extra_data" text NULL);
CREATE TABLE IF NOT EXISTS "diffviewer_filediffdata" ("binary_hash" varchar(40) NOT NULL PRIMARY KEY, "binary" text NOT NULL, "extra_data" text NULL);
CREATE TABLE IF NOT EXISTS "diffviewer_rawfilediffdata" ("id" integer NOT NULL PRIMARY KEY AUTOINCREMENT, "binary_hash" varchar(40) NOT NULL UNIQUE, "binary" BLOB NOT NULL, "compression" varchar(1) NULL, "extra_data" text NULL);
CREATE TABLE IF NOT EXISTS "diffviewer_filediff" ("id" integer NOT NULL PRIMARY KEY AUTOINCREMENT, "diffset_id" integer NOT NULL REFERENCES "diffviewer_diffset" ("id"), "commit_id" integer NULL REFERENCES "diffviewer_diffcommit" ("id"), "source_file" varchar(1024) NOT NULL, "dest_file" varchar(1024) NOT NULL, "source_revision" varchar(512) NOT NULL, "dest_detail" varchar(512) NOT NULL, "binary" bool NOT NULL, "status" varchar(1) NOT NULL, "diff_base64" text NOT NULL, "diff_hash_id" varchar(40) NULL REFERENCES "diffviewer_filediffdata" ("binary_hash"), "raw_diff_hash_id" integer NULL REFERENCES "diffviewer_rawfilediffdata" ("id"), "parent_diff_base64" text NOT NULL, "parent_diff_hash_id" varchar(40) NULL REFERENCES "diffviewer_filediffdata" ("binary_hash"), "raw_parent_diff_hash_id" integer NULL REFERENCES "diffviewer_rawfilediffdata" ("id"), "extra_data" text NULL);
CREATE TABLE IF NOT EXISTS "hostingsvcs_hostingserviceaccount" ("id" integer NOT NULL PRIMARY KEY AUTOINCREMENT, "service_name" varchar(128) NOT NULL, "hosting_url" varchar(255) NULL, "username" varchar(128) NOT NULL, "data" text NOT NULL, "visible" bool NOT NULL, "local_site_id" integer NULL REFERENCES "site_localsite" ("id"));
CREATE TABLE IF NOT EXISTS "integrations_integrationconfig" ("id" integer NOT NULL PRIMARY KEY AUTOINCREMENT, "integration_id" varchar(255) NOT NULL, "time_added" datetime NOT NULL, "last_updated" datetime NOT NULL, "name" varchar(255) NULL, "enabled" bool NOT NULL, "settings" text NOT NULL, "extra_data" text NOT NULL, "local_site_id" integer NULL REFERENCES "site_localsite" ("id"));
CREATE TABLE IF NOT EXISTS "notifications_webhooktarget" ("id" integer NOT NULL PRIMARY KEY AUTOINCREMENT, "enabled" bool NOT NULL, "events" varchar(105) NOT NULL, "url" varchar(200) NOT NULL, "encoding" varchar(40) NOT NULL, "use_custom_content" bool NOT NULL, "custom_content" text NULL, "secret" varchar(128) NOT NULL, "apply_to" varchar(1) NOT NULL, "local_site_id" integer NULL REFERENCES "site_localsite" ("id"), "extra_data" text NULL);
CREATE TABLE IF NOT EXISTS "notifications_webhooktarget_repositories" ("id" integer NOT NULL PRIMARY KEY AUTOINCREMENT, "webhooktarget_id" integer NOT NULL REFERENCES "notifications_webhooktarget" ("id"), "repository_id" integer NOT NULL REFERENCES "scmtools_repository" ("id"));
CREATE TABLE IF NOT EXISTS "reviews_group" ("id" integer NOT NULL PRIMARY KEY AUTOINCREMENT, "name" varchar(64) NOT NULL, "display_name" varchar(64) NOT NULL, "mailing_list" varchar(254) NOT NULL, "email_list_only" bool NOT NULL, "local_site_id" integer NULL REFERENCES "site_localsite" ("id"), "is_default_group" bool NOT NULL, "incoming_request_count" integer NULL, "invite_only" bool NOT NULL, "visible" bool NOT NULL, "extra_data" text NULL);
CREATE TABLE IF NOT EXISTS "reviews_group_users" ("id" integer NOT NULL PRIMARY KEY AUTOINCREMENT, "group_id" integer NOT NULL REFERENCES "reviews_group" ("id"), "user_id" integer NOT NULL REFERENCES "auth_user" ("id"));
CREATE TABLE IF NOT EXISTS "reviews_defaultreviewer" ("id" integer NOT NULL PRIMARY KEY AUTOINCREMENT, "name" varchar(64) NOT NULL, "file_regex" varchar(256) NOT NULL, "local_site_id" integer NULL REFERENCES "site_localsite" ("id"));
CREATE TABLE IF NOT EXISTS "reviews_defaultreviewer_repository" ("id" integer NOT NULL PRIMARY KEY AUTOINCREMENT, "defaultreviewer_id" integer NOT NULL REFERENCES "reviews_defaultreviewer" ("id"), "repository_id" integer NOT NULL REFERENCES "scmtools_repository" ("id"));
CREATE TABLE IF NOT EXISTS "reviews_defaultreviewer_groups" ("id" integer NOT NULL PRIMARY KEY AUTOINCREMENT, "defaultreviewer_id" integer NOT NULL REFERENCES "reviews_defaultreviewer" ("id"), "group_id" integer NOT NULL REFERENCES "reviews_group" ("id"));
CREATE TABLE IF NOT EXISTS "reviews_defaultreviewer_people" ("id" integer NOT NULL PRIMARY KEY AUTOINCREMENT, "defaultreviewer_id" integer NOT NULL REFERENCES "reviews_defaultreviewer" ("id"), "user_id" integer NOT NULL REFERENCES "auth_user" ("id"));
CREATE TABLE IF NOT EXISTS "reviews_comment" ("id" integer NOT NULL PRIMARY KEY AUTOINCREMENT, "issue_opened" bool NOT NULL, "issue_status" varchar(1) NULL, "reply_to_id" integer NULL REFERENCES "reviews_comment" ("id"), "timestamp" datetime NOT NULL, "text" text NOT NULL, "rich_text" bool NOT NULL, "extra_data" text NULL, "filediff_id" integer NOT NULL REFERENCES "diffviewer_filediff" ("id"), "interfilediff_id" integer NULL REFERENCES "diffviewer_filediff" ("id"), "first_line" integer unsigned NULL, "num_lines" integer unsigned NULL);
CREATE TABLE IF NOT EXISTS "reviews_fileattachmentcomment" ("id" integer NOT NULL PRIMARY KEY AUTOINCREMENT, "issue_opened" bool NOT NULL, "issue_status" varchar(1) NULL, "reply_to_id" integer NULL REFERENCES "reviews_fileattachmentcomment" ("id"), "timestamp" datetime NOT NULL, "text" text NOT NULL, "rich_text" bool NOT NULL, "extra_data" text NULL, "file_attachment_id" integer NOT NULL REFERENCES "attachments_fileattachment" ("id"), "diff_against_file_attachment_id" integer NULL REFERENCES "attachments_fileattachment" ("id"));
CREATE TABLE IF NOT EXISTS "reviews_generalcomment" ("id" integer NOT NULL PRIMARY KEY AUTOINCREMENT, "issue_opened" bool NOT NULL, "issue_status" varchar(1) NULL, "reply_to_id" integer NULL REFERENCES "reviews_generalcomment" ("id"), "timestamp" datetime NOT NULL, "text" text NOT NULL, "rich_text" bool NOT NULL, "extra_data" text NULL);
CREATE TABLE IF NOT EXISTS "reviews_screenshot" ("id" integer NOT NULL PRIMARY KEY AUTOINCREMENT, "caption" varchar(256) NOT NULL, "draft_caption" varchar(256) NOT NULL, "image" varchar(100) NOT NULL);
CREATE TABLE IF NOT EXISTS "reviews_reviewrequest" ("id" integer NOT NULL PRIMARY KEY AUTOINCREMENT, "description" text NOT NULL, "description_rich_text" bool NOT NULL, "testing_done" text NOT NULL, "testing_done_rich_text" bool NOT NULL, "bugs_closed" varchar(300) NOT NULL, "branch" varchar(300) NOT NULL, "commit_id" varchar(64) NULL, "extra_data" text NULL, "rich_text" bool NOT NULL, "summary" varchar(300) NOT NULL, "submitter_id" integer NOT NULL REFERENCES "auth_user" ("id"), "time_added" datetime NOT NULL, "last_updated" datetime NOT NULL, "status" varchar(1) NOT NULL, "public" bool NOT NULL, "changenum" integer unsigned NULL, "repository_id" integer NULL REFERENCES "scmtools_repository" ("id"), "email_message_id" varchar(255) NULL, "time_emailed" datetime NULL, "diffset_history_id" integer NOT NULL REFERENCES "diffviewer_diffsethistory" ("id"), "last_review_timestamp" datetime NULL, "shipit_count" integer NULL, "issue_open_count" integer NULL, "issue_resolved_count" integer NULL, "issue_dropped_count" integer NULL, "issue_verifying_count" integer NULL, "screenshots_count" integer NULL, "inactive_screenshots_count" integer NULL, "file_attachments_count" integer NULL, "inactive_file_attachments_count" integer NULL, "local_site_id" integer NULL REFERENCES "site_localsite" ("id"), "local_id" integer NULL);
CREATE TABLE IF NOT EXISTS "reviews_reviewrequest_target_groups" ("id" integer NOT NULL PRIMARY KEY AUTOINCREMENT, "reviewrequest_id" integer NOT NULL REFERENCES "reviews_reviewrequest" ("id"), "group_id" integer NOT NULL REFERENCES "reviews_group" ("id"));
CREATE TABLE IF NOT EXISTS "reviews_reviewrequest_target_people" ("id" integer NOT NULL PRIMARY KEY AUTOINCREMENT, "reviewrequest_id" integer NOT NULL REFERENCES "reviews_reviewrequest" ("id"), "user_id" integer NOT NULL REFERENCES "auth_user" ("id"));
CREATE TABLE IF NOT EXISTS "reviews_reviewrequest_screenshots" ("id" integer NOT NULL PRIMARY KEY AUTOINCREMENT, "reviewrequest_id" integer NOT NULL REFERENCES "reviews_reviewrequest" ("id"), "screenshot_id" integer NOT NULL REFERENCES "reviews_screenshot" ("id"));
CREATE TABLE IF NOT EXISTS "reviews_reviewrequest_inactive_screenshots" ("id" integer NOT NULL PRIMARY KEY AUTOINCREMENT, "reviewrequest_id" integer NOT NULL REFERENCES "reviews_reviewrequest" ("id"), "screenshot_id" integer NOT NULL REFERENCES "reviews_screenshot" ("id"));
CREATE TABLE IF NOT EXISTS "reviews_reviewrequest_file_attachments" ("id" integer NOT NULL PRIMARY KEY AUTOINCREMENT, "reviewrequest_id" integer NOT NULL REFERENCES "reviews_reviewrequest" ("id"), "fileattachment_id" integer NOT NULL REFERENCES "attachments_fileattachment" ("id"));
CREATE TABLE IF NOT EXISTS "reviews_reviewrequest_inactive_file_attachments" ("id" integer NOT NULL PRIMARY KEY AUTOINCREMENT, "reviewrequest_id" integer NOT NULL REFERENCES "reviews_reviewrequest" ("id"), "fileattachment_id" integer NOT NULL REFERENCES "attachments_fileattachment" ("id"));
CREATE TABLE IF NOT EXISTS "reviews_reviewrequest_file_attachment_histories" ("id" integer NOT NULL PRIMARY KEY AUTOINCREMENT, "reviewrequest_id" integer NOT NULL REFERENCES "reviews_reviewrequest" ("id"), "fileattachmenthistory_id" integer NOT NULL REFERENCES "attachments_fileattachmenthistory" ("id"));
CREATE TABLE IF NOT EXISTS "reviews_reviewrequest_changedescs" ("id" integer NOT NULL PRIMARY KEY AUTOINCREMENT, "reviewrequest_id" integer NOT NULL REFERENCES "reviews_reviewrequest" ("id"), "changedescription_id" integer NOT NULL REFERENCES "changedescs_changedescription" ("id"));
CREATE TABLE IF NOT EXISTS "reviews_reviewrequest_depends_on" ("id" integer NOT NULL PRIMARY KEY AUTOINCREMENT, "from_reviewrequest_id" integer NOT NULL REFERENCES "reviews_reviewrequest" ("id"), "to_reviewrequest_id" integer NOT NULL REFERENCES "reviews_reviewrequest" ("id"));
CREATE TABLE IF NOT EXISTS "reviews_screenshotcomment" ("id" integer NOT NULL PRIMARY KEY AUTOINCREMENT, "issue_opened" bool NOT NULL, "issue_status" varchar(1) NULL, "reply_to_id" integer NULL REFERENCES "reviews_screenshotcomment" ("id"), "timestamp" datetime NOT NULL, "text" text NOT NULL, "rich_text" bool NOT NULL, "extra_data" text NULL, "screenshot_id" integer NOT NULL REFERENCES "reviews_screenshot" ("id"), "x" smallint unsigned NULL, "y" smallint unsigned NOT NULL, "w" smallint unsigned NOT NULL, "h" smallint unsigned NOT NULL);
CREATE TABLE IF NOT EXISTS "reviews_review" ("id" integer NOT NULL PRIMARY KEY AUTOINCREMENT, "review_request_id" integer NOT NULL REFERENCES "reviews_reviewrequest" ("id"), "user_id" integer NOT NULL REFERENCES "auth_user" ("id"), "timestamp" datetime NOT NULL, "public" bool NOT NULL, "ship_it" bool NOT NULL, "base_reply_to_id" integer NULL REFERENCES "reviews_review" ("id"), "email_message_id" varchar(255) NULL, "time_emailed" datetime NULL, "body_top" text NOT NULL, "body_top_rich_text" bool NOT NULL, "body_bottom" text NOT NULL, "body_bottom_rich_text" bool NOT NULL, "body_top_reply_to_id" integer NULL REFERENCES "reviews_review" ("id"), "body_bottom_reply_to_id" integer NULL REFERENCES "reviews_review" ("id"), "extra_data" text NULL, "rich_text" bool NOT NULL, "reviewed_diffset_id" integer NULL REFERENCES "diffviewer_diffset" ("id"));
CREATE TABLE IF NOT EXISTS "reviews_review_comments" ("id" integer NOT NULL PRIMARY KEY AUTOINCREMENT, "review_id" integer NOT NULL REFERENCES "reviews_review" ("id"), "comment_id" integer NOT NULL REFERENCES "reviews_comment" ("id"));
CREATE TABLE IF NOT EXISTS "reviews_review_screenshot_comments" ("id" integer NOT NULL PRIMARY KEY AUTOINCREMENT, "review_id" integer NOT NULL REFERENCES "reviews_review" ("id"), "screenshotcomment_id" integer NOT NULL REFERENCES "reviews_screenshotcomment" ("id"));
CREATE TABLE IF NOT EXISTS "reviews_review_file_attachment_comments" ("id" integer NOT NULL PRIMARY KEY AUTOINCREMENT, "review_id" integer NOT NULL REFERENCES "reviews_review" ("id"), "fileattachmentcomment_id" integer NOT NULL REFERENCES "reviews_fileattachmentcomment" ("id"));
CREATE TABLE IF NOT EXISTS "reviews_review_general_comments" ("id" integer NOT NULL PRIMARY KEY AUTOINCREMENT, "review_id" integer NOT NULL REFERENCES "reviews_review" ("id"), "generalcomment_id" integer NOT NULL REFERENCES "reviews_generalcomment" ("id"));
CREATE TABLE IF NOT EXISTS "reviews_reviewrequestdraft" ("id" integer NOT NULL PRIMARY KEY AUTOINCREMENT, "description" text NOT NULL, "description_rich_text" bool NOT NULL, "testing_done" text NOT NULL, "testing_done_rich_text" bool NOT NULL, "bugs_closed" varchar(300) NOT NULL, "branch" varchar(300) NOT NULL, "commit_id" varchar(64) NULL, "extra_data" text NULL, "rich_text" bool NOT NULL, "summary" varchar(300) NOT NULL, "owner_id" integer NULL REFERENCES "auth_user" ("id"), "review_request_id" integer NOT NULL UNIQUE REFERENCES "reviews_reviewrequest" ("id"), "last_updated" datetime NOT NULL, "diffset_id" integer NULL REFERENCES "diffviewer_diffset" ("id"), "changedesc_id" integer NULL REFERENCES "changedescs_changedescription" ("id"), "screenshots_count" integer NULL, "inactive_screenshots_count" integer NULL, "file_attachments_count" integer NULL, "inactive_file_attachments_count" integer NULL);
CREATE TABLE IF NOT EXISTS "reviews_reviewrequestdraft_target_groups" ("id" integer NOT NULL PRIMARY KEY AUTOINCREMENT, "reviewrequestdraft_id" integer NOT NULL REFERENCES "reviews_reviewrequestdraft" ("id"), "group_id" integer NOT NULL REFERENCES "reviews_group" ("id"));
CREATE TABLE IF NOT EXISTS "reviews_reviewrequestdraft_target_people" ("id" integer NOT NULL PRIMARY KEY AUTOINCREMENT, "reviewrequestdraft_id" integer NOT NULL REFERENCES "reviews_reviewrequestdraft" ("id"), "user_id" integer NOT NULL REFERENCES "auth_user" ("id"));
CREATE TABLE IF NOT EXISTS "reviews_reviewrequestdraft_screenshots" ("id" integer NOT NULL PRIMARY KEY AUTOINCREMENT, "reviewrequestdraft_id" integer NOT NULL REFERENCES "reviews_reviewrequestdraft" ("id"), "screenshot_id" integer NOT NULL REFERENCES "reviews_screenshot" ("id"));
CREATE TABLE IF NOT EXISTS "reviews_reviewrequestdraft_inactive_screenshots" ("id" integer NOT NULL PRIMARY KEY AUTOINCREMENT, "reviewrequestdraft_id" integer NOT NULL REFERENCES "reviews_reviewrequestdraft" ("id"), "screenshot_id" integer NOT NULL REFERENCES "reviews_screenshot" ("id"));
CREATE TABLE IF NOT EXISTS "reviews_reviewrequestdraft_file_attachments" ("id" integer NOT NULL PRIMARY KEY AUTOINCREMENT, "reviewrequestdraft_id" integer NOT NULL REFERENCES "reviews_reviewrequestdraft" ("id"), "fileattachment_id" integer NOT NULL REFERENCES "attachments_fileattachment" ("id"));
CREATE TABLE IF NOT EXISTS "reviews_reviewrequestdraft_inactive_file_attachments" ("id" integer NOT NULL PRIMARY KEY AUTOINCREMENT, "reviewrequestdraft_id" integer NOT NULL REFERENCES "reviews_reviewrequestdraft" ("id"), "fileattachment_id" integer NOT NULL REFERENCES "attachments_fileattachment" ("id"));
CREATE TABLE IF NOT EXISTS "reviews_reviewrequestdraft_depends_on" ("id" integer NOT NULL PRIMARY KEY AUTOINCREMENT, "reviewrequestdraft_id" integer NOT NULL REFERENCES "reviews_reviewrequestdraft" ("id"), "reviewrequest_id" integer NOT NULL REFERENCES "reviews_reviewrequest" ("id"));
CREATE TABLE IF NOT EXISTS "reviews_statusupdate" ("id" integer NOT NULL PRIMARY KEY AUTOINCREMENT, "service_id" varchar(255) NOT NULL, "user_id" integer NULL REFERENCES "auth_user" ("id"), "timestamp" datetime NOT NULL, "summary" varchar(255) NOT NULL, "description" varchar(255) NOT NULL, "url" varchar(255) NOT NULL, "url_text" varchar(64) NOT NULL, "state" varchar(1) NOT NULL, "review_request_id" integer NOT NULL REFERENCES "reviews_reviewrequest" ("id"), "change_description_id" integer NULL REFERENCES "changedescs_changedescription" ("id"), "review_id" integer NULL UNIQUE REFERENCES "reviews_review" ("id"), "extra_data" text NULL, "timeout" integer NULL);
CREATE TABLE IF NOT EXISTS "scmtools_tool" ("id" integer NOT NULL PRIMARY KEY AUTOINCREMENT, "name" varchar(32) NOT NULL UNIQUE, "class_name" varchar(128) NOT NULL UNIQUE);
INSERT INTO scmtools_tool VALUES(1,'Subversion','reviewboard.scmtools.svn.SVNTool');
INSERT INTO scmtools_tool VALUES(2,'Git','reviewboard.scmtools.git.GitTool');
INSERT INTO scmtools_tool VALUES(3,'Bazaar','reviewboard.scmtools.bzr.BZRTool');
INSERT INTO scmtools_tool VALUES(4,'CVS','reviewboard.scmtools.cvs.CVSTool');
INSERT INTO scmtools_tool VALUES(5,'Perforce','reviewboard.scmtools.perforce.PerforceTool');
INSERT INTO scmtools_tool VALUES(6,'Plastic SCM','reviewboard.scmtools.plastic.PlasticTool');
INSERT INTO scmtools_tool VALUES(7,'ClearCase','reviewboard.scmtools.clearcase.ClearCaseTool');
INSERT INTO scmtools_tool VALUES(8,'Mercurial','reviewboard.scmtools.hg.HgTool');
INSERT INTO scmtools_tool VALUES(9,'Cliosoft SOS','rbpowerpack.scmtools.cliosoft_sos.scmtool.CliosoftSOSTool');
INSERT INTO scmtools_tool VALUES(10,'VersionVault / ClearCase','rbpowerpack.scmtools.versionvault.VersionVaultTool');
INSERT INTO scmtools_tool VALUES(11,'Team Foundation Server','rbpowerpack.scmtools.tfs.TFSTool');
INSERT INTO scmtools_tool VALUES(12,'Team Foundation Server (git)','rbpowerpack.scmtools.tfs_git.TFSGitTool');
CREATE TABLE IF NOT EXISTS "scmtools_repository" ("id" integer NOT NULL PRIMARY KEY AUTOINCREMENT, "name" varchar(255) NOT NULL, "path" varchar(255) NOT NULL, "mirror_path" varchar(255) NOT NULL, "raw_file_url" varchar(255) NOT NULL, "username" varchar(32) NOT NULL, "password" varchar(128) NOT NULL, "extra_data" text NULL, "tool_id" integer NOT NULL REFERENCES "scmtools_tool" ("id"), "hosting_account_id" integer NULL REFERENCES "hostingsvcs_hostingserviceaccount" ("id"), "bug_tracker" varchar(256) NOT NULL, "encoding" varchar(32) NOT NULL, "visible" bool NOT NULL, "archived" bool NOT NULL, "archived_timestamp" datetime NULL, "local_site_id" integer NULL REFERENCES "site_localsite" ("id"), "public" bool NOT NULL, "hooks_uuid" varchar(32) NULL);
CREATE TABLE IF NOT EXISTS "scmtools_repository_users" ("id" integer NOT NULL PRIMARY KEY AUTOINCREMENT, "repository_id" integer NOT NULL REFERENCES "scmtools_repository" ("id"), "user_id" integer NOT NULL REFERENCES "auth_user" ("id"));
CREATE TABLE IF NOT EXISTS "scmtools_repository_review_groups" ("id" integer NOT NULL PRIMARY KEY AUTOINCREMENT, "repository_id" integer NOT NULL REFERENCES "scmtools_repository" ("id"), "group_id" integer NOT NULL REFERENCES "reviews_group" ("id"));
CREATE TABLE IF NOT EXISTS "webapi_webapitoken" ("id" integer NOT NULL PRIMARY KEY AUTOINCREMENT, "user_id" integer NOT NULL REFERENCES "auth_user" ("id"), "token" varchar(40) NOT NULL UNIQUE, "time_added" datetime NOT NULL, "last_updated" datetime NOT NULL, "note" text NOT NULL, "policy" text NULL, "extra_data" text NULL, "local_site_id" integer NULL REFERENCES "site_localsite" ("id"));
CREATE TABLE IF NOT EXISTS "django_admin_log" ("id" integer NOT NULL PRIMARY KEY AUTOINCREMENT, "object_id" text NULL, "object_repr" varchar(200) NOT NULL, "action_flag" smallint unsigned NOT NULL, "change_message" text NOT NULL, "content_type_id" integer NULL REFERENCES "django_content_type" ("id"), "user_id" integer NOT NULL REFERENCES "auth_user" ("id"), "action_time" datetime NOT NULL);
CREATE TABLE IF NOT EXISTS "django_content_type" ("id" integer NOT NULL PRIMARY KEY AUTOINCREMENT, "app_label" varchar(100) NOT NULL, "model" varchar(100) NOT NULL);
INSERT INTO django_content_type VALUES(1,'corsheaders','corsmodel');
INSERT INTO django_content_type VALUES(2,'admin','logentry');
INSERT INTO django_content_type VALUES(3,'auth','group');
INSERT INTO django_content_type VALUES(4,'auth','permission');
INSERT INTO django_content_type VALUES(5,'auth','user');
INSERT INTO django_content_type VALUES(6,'contenttypes','contenttype');
INSERT INTO django_content_type VALUES(7,'sites','site');
INSERT INTO django_content_type VALUES(8,'sessions','session');
INSERT INTO django_content_type VALUES(9,'djblets_extensions','registeredextension');
INSERT INTO django_content_type VALUES(10,'djblets_privacy','storedconsentdata');
INSERT INTO django_content_type VALUES(11,'djblets_siteconfig','siteconfiguration');
INSERT INTO django_content_type VALUES(12,'oauth2_provider','grant');
INSERT INTO django_content_type VALUES(13,'oauth2_provider','application');
INSERT INTO django_content_type VALUES(14,'oauth2_provider','accesstoken');
INSERT INTO django_content_type VALUES(15,'oauth2_provider','refreshtoken');
INSERT INTO django_content_type VALUES(16,'accounts','reviewrequestvisit');
INSERT INTO django_content_type VALUES(17,'accounts','profile');
INSERT INTO django_content_type VALUES(18,'accounts','localsiteprofile');
INSERT INTO django_content_type VALUES(19,'accounts','trophy');
INSERT INTO django_content_type VALUES(20,'attachments','fileattachmenthistory');
INSERT INTO django_content_type VALUES(21,'attachments','fileattachment');
INSERT INTO django_content_type VALUES(22,'changedescs','changedescription');
INSERT INTO django_content_type VALUES(23,'diffviewer','diffset');
INSERT INTO django_content_type VALUES(24,'diffviewer','diffcommit');
INSERT INTO django_content_type VALUES(25,'diffviewer','diffsethistory');
INSERT INTO django_content_type VALUES(26,'diffviewer','legacyfilediffdata');
INSERT INTO django_content_type VALUES(27,'diffviewer','rawfilediffdata');
INSERT INTO django_content_type VALUES(28,'diffviewer','filediff');
INSERT INTO django_content_type VALUES(29,'hostingsvcs','hostingserviceaccount');
INSERT INTO django_content_type VALUES(30,'integrations','integrationconfig');
INSERT INTO django_content_type VALUES(31,'notifications','webhooktarget');
INSERT INTO django_content_type VALUES(32,'oauth','application');
INSERT INTO django_content_type VALUES(33,'reviews','group');
INSERT INTO django_content_type VALUES(34,'reviews','defaultreviewer');
INSERT INTO django_content_type VALUES(35,'reviews','comment');
INSERT INTO django_content_type VALUES(36,'reviews','fileattachmentcomment');
INSERT INTO django_content_type VALUES(37,'reviews','generalcomment');
INSERT INTO django_content_type VALUES(38,'reviews','screenshot');
INSERT INTO django_content_type VALUES(39,'reviews','reviewrequest');
INSERT INTO django_content_type VALUES(40,'reviews','screenshotcomment');
INSERT INTO django_content_type VALUES(41,'reviews','review');
INSERT INTO django_content_type VALUES(42,'reviews','reviewrequestdraft');
INSERT INTO django_content_type VALUES(43,'reviews','statusupdate');
INSERT INTO django_content_type VALUES(44,'scmtools','tool');
INSERT INTO django_content_type VALUES(45,'scmtools','repository');
INSERT INTO django_content_type VALUES(46,'site','localsite');
INSERT INTO django_content_type VALUES(47,'webapi','webapitoken');
INSERT INTO django_content_type VALUES(48,'django_evolution','version');
INSERT INTO django_content_type VALUES(49,'django_evolution','evolution');
CREATE TABLE IF NOT EXISTS "auth_permission" ("id" integer NOT NULL PRIMARY KEY AUTOINCREMENT, "content_type_id" integer NOT NULL REFERENCES "django_content_type" ("id"), "codename" varchar(100) NOT NULL, "name" varchar(255) NOT NULL);
INSERT INTO auth_permission VALUES(1,1,'add_corsmodel','Can add cors model');
INSERT INTO auth_permission VALUES(2,1,'change_corsmodel','Can change cors model');
INSERT INTO auth_permission VALUES(3,1,'delete_corsmodel','Can delete cors model');
INSERT INTO auth_permission VALUES(4,2,'add_logentry','Can add log entry');
INSERT INTO auth_permission VALUES(5,2,'change_logentry','Can change log entry');
INSERT INTO auth_permission VALUES(6,2,'delete_logentry','Can delete log entry');
INSERT INTO auth_permission VALUES(7,3,'add_group','Can add group');
INSERT INTO auth_permission VALUES(8,3,'change_group','Can change group');
INSERT INTO auth_permission VALUES(9,3,'delete_group','Can delete group');
INSERT INTO auth_permission VALUES(10,4,'add_permission','Can add permission');
INSERT INTO auth_permission VALUES(11,4,'change_permission','Can change permission');
INSERT INTO auth_permission VALUES(12,4,'delete_permission','Can delete permission');
INSERT INTO auth_permission VALUES(13,5,'add_user','Can add user');
INSERT INTO auth_permission VALUES(14,5,'change_user','Can change user');
INSERT INTO auth_permission VALUES(15,5,'delete_user','Can delete user');
INSERT INTO auth_permission VALUES(16,6,'add_contenttype','Can add content type');
INSERT INTO auth_permission VALUES(17,6,'change_contenttype','Can change content type');
INSERT INTO auth_permission VALUES(18,6,'delete_contenttype','Can delete content type');
INSERT INTO auth_permission VALUES(19,7,'add_site','Can add site');
INSERT INTO auth_permission VALUES(20,7,'change_site','Can change site');
INSERT INTO auth_permission VALUES(21,7,'delete_site','Can delete site');
INSERT INTO auth_permission VALUES(22,8,'add_session','Can add session');
INSERT INTO auth_permission VALUES(23,8,'change_session','Can change session');
INSERT INTO auth_permission VALUES(24,8,'delete_session','Can delete session');
INSERT INTO auth_permission VALUES(25,9,'add_registeredextension','Can add registered extension');
INSERT INTO auth_permission VALUES(26,9,'change_registeredextension','Can change registered extension');
INSERT INTO auth_permission VALUES(27,9,'delete_registeredextension','Can delete registered extension');
INSERT INTO auth_permission VALUES(28,10,'add_storedconsentdata','Can add Stored consent data');
INSERT INTO auth_permission VALUES(29,10,'change_storedconsentdata','Can change Stored consent data');
INSERT INTO auth_permission VALUES(30,10,'delete_storedconsentdata','Can delete Stored consent data');
INSERT INTO auth_permission VALUES(31,11,'add_siteconfiguration','Can add site configuration');
INSERT INTO auth_permission VALUES(32,11,'change_siteconfiguration','Can change site configuration');
INSERT INTO auth_permission VALUES(33,11,'delete_siteconfiguration','Can delete site configuration');
INSERT INTO auth_permission VALUES(34,12,'add_grant','Can add grant');
INSERT INTO auth_permission VALUES(35,12,'change_grant','Can change grant');
INSERT INTO auth_permission VALUES(36,12,'delete_grant','Can delete grant');
INSERT INTO auth_permission VALUES(37,13,'add_application','Can add application');
INSERT INTO auth_permission VALUES(38,13,'change_application','Can change application');
INSERT INTO auth_permission VALUES(39,13,'delete_application','Can delete application');
INSERT INTO auth_permission VALUES(40,14,'add_accesstoken','Can add access token');
INSERT INTO auth_permission VALUES(41,14,'change_accesstoken','Can change access token');
INSERT INTO auth_permission VALUES(42,14,'delete_accesstoken','Can delete access token');
INSERT INTO auth_permission VALUES(43,15,'add_refreshtoken','Can add refresh token');
INSERT INTO auth_permission VALUES(44,15,'change_refreshtoken','Can change refresh token');
INSERT INTO auth_permission VALUES(45,15,'delete_refreshtoken','Can delete refresh token');
INSERT INTO auth_permission VALUES(46,16,'add_reviewrequestvisit','Can add Review Request Visit');
INSERT INTO auth_permission VALUES(47,16,'change_reviewrequestvisit','Can change Review Request Visit');
INSERT INTO auth_permission VALUES(48,16,'delete_reviewrequestvisit','Can delete Review Request Visit');
INSERT INTO auth_permission VALUES(49,17,'add_profile','Can add Profile');
INSERT INTO auth_permission VALUES(50,17,'change_profile','Can change Profile');
INSERT INTO auth_permission VALUES(51,17,'delete_profile','Can delete Profile');
INSERT INTO auth_permission VALUES(52,18,'add_localsiteprofile','Can add Local Site Profile');
INSERT INTO auth_permission VALUES(53,18,'change_localsiteprofile','Can change Local Site Profile');
INSERT INTO auth_permission VALUES(54,18,'delete_localsiteprofile','Can delete Local Site Profile');
INSERT INTO auth_permission VALUES(55,19,'add_trophy','Can add Trophy');
INSERT INTO auth_permission VALUES(56,19,'change_trophy','Can change Trophy');
INSERT INTO auth_permission VALUES(57,19,'delete_trophy','Can delete Trophy');
INSERT INTO auth_permission VALUES(58,20,'add_fileattachmenthistory','Can add File Attachment History');
INSERT INTO auth_permission VALUES(59,20,'change_fileattachmenthistory','Can change File Attachment History');
INSERT INTO auth_permission VALUES(60,20,'delete_fileattachmenthistory','Can delete File Attachment History');
INSERT INTO auth_permission VALUES(61,21,'add_fileattachment','Can add File Attachment');
INSERT INTO auth_permission VALUES(62,21,'change_fileattachment','Can change File Attachment');
INSERT INTO auth_permission VALUES(63,21,'delete_fileattachment','Can delete File Attachment');
INSERT INTO auth_permission VALUES(64,22,'add_changedescription','Can add Change Description');
INSERT INTO auth_permission VALUES(65,22,'change_changedescription','Can change Change Description');
INSERT INTO auth_permission VALUES(66,22,'delete_changedescription','Can delete Change Description');
INSERT INTO auth_permission VALUES(67,23,'add_diffset','Can add Diff Set');
INSERT INTO auth_permission VALUES(68,23,'change_diffset','Can change Diff Set');
INSERT INTO auth_permission VALUES(69,23,'delete_diffset','Can delete Diff Set');
INSERT INTO auth_permission VALUES(70,24,'add_diffcommit','Can add Diff Commit');
INSERT INTO auth_permission VALUES(71,24,'change_diffcommit','Can change Diff Commit');
INSERT INTO auth_permission VALUES(72,24,'delete_diffcommit','Can delete Diff Commit');
INSERT INTO auth_permission VALUES(73,25,'add_diffsethistory','Can add Diff Set History');
INSERT INTO auth_permission VALUES(74,25,'change_diffsethistory','Can change Diff Set History');
INSERT INTO auth_permission VALUES(75,25,'delete_diffsethistory','Can delete Diff Set History');
INSERT INTO auth_permission VALUES(76,26,'add_legacyfilediffdata','Can add Legacy File Diff Data');
INSERT INTO auth_permission VALUES(77,26,'change_legacyfilediffdata','Can change Legacy File Diff Data');
INSERT INTO auth_permission VALUES(78,26,'delete_legacyfilediffdata','Can delete Legacy File Diff Data');
INSERT INTO auth_permission VALUES(79,27,'add_rawfilediffdata','Can add Raw File Diff Data');
INSERT INTO auth_permission VALUES(80,27,'change_rawfilediffdata','Can change Raw File Diff Data');
INSERT INTO auth_permission VALUES(81,27,'delete_rawfilediffdata','Can delete Raw File Diff Data');
INSERT INTO auth_permission VALUES(82,28,'add_filediff','Can add File Diff');
INSERT INTO auth_permission VALUES(83,28,'change_filediff','Can change File Diff');
INSERT INTO auth_permission VALUES(84,28,'delete_filediff','Can delete File Diff');
INSERT INTO auth_permission VALUES(85,29,'add_hostingserviceaccount','Can add Hosting Service Account');
INSERT INTO auth_permission VALUES(86,29,'change_hostingserviceaccount','Can change Hosting Service Account');
INSERT INTO auth_permission VALUES(87,29,'delete_hostingserviceaccount','Can delete Hosting Service Account');
INSERT INTO auth_permission VALUES(88,30,'add_integrationconfig','Can add Integration Configuration');
INSERT INTO auth_permission VALUES(89,30,'change_integrationconfig','Can change Integration Configuration');
INSERT INTO auth_permission VALUES(90,30,'delete_integrationconfig','Can delete Integration Configuration');
INSERT INTO auth_permission VALUES(91,31,'add_webhooktarget','Can add Webhook');
INSERT INTO auth_permission VALUES(92,31,'change_webhooktarget','Can change Webhook');
INSERT INTO auth_permission VALUES(93,31,'delete_webhooktarget','Can delete Webhook');
INSERT INTO auth_permission VALUES(94,32,'add_application','Can add OAuth Application');
INSERT INTO auth_permission VALUES(95,32,'change_application','Can change OAuth Application');
INSERT INTO auth_permission VALUES(96,32,'delete_application','Can delete OAuth Application');
INSERT INTO auth_permission VALUES(97,33,'add_group','Can add Review Group');
INSERT INTO auth_permission VALUES(98,33,'change_group','Can change Review Group');
INSERT INTO auth_permission VALUES(99,33,'delete_group','Can delete Review Group');
INSERT INTO auth_permission VALUES(100,33,'can_view_invite_only_groups','Can view invite-only Groups');
INSERT INTO auth_permission VALUES(101,34,'add_defaultreviewer','Can add Default Reviewer');
INSERT INTO auth_permission VALUES(102,34,'change_defaultreviewer','Can change Default Reviewer');
INSERT INTO auth_permission VALUES(103,34,'delete_defaultreviewer','Can delete Default Reviewer');
INSERT INTO auth_permission VALUES(104,35,'add_comment','Can add Diff Comment');
INSERT INTO auth_permission VALUES(105,35,'change_comment','Can change Diff Comment');
INSERT INTO auth_permission VALUES(106,35,'delete_comment','Can delete Diff Comment');
INSERT INTO auth_permission VALUES(107,36,'add_fileattachmentcomment','Can add File Attachment Comment');
INSERT INTO auth_permission VALUES(108,36,'change_fileattachmentcomment','Can change File Attachment Comment');
INSERT INTO auth_permission VALUES(109,36,'delete_fileattachmentcomment','Can delete File Attachment Comment');
INSERT INTO auth_permission VALUES(110,37,'add_generalcomment','Can add General Comment');
INSERT INTO auth_permission VALUES(111,37,'change_generalcomment','Can change General Comment');
INSERT INTO auth_permission VALUES(112,37,'delete_generalcomment','Can delete General Comment');
INSERT INTO auth_permission VALUES(113,38,'add_screenshot','Can add Screenshot');
INSERT INTO auth_permission VALUES(114,38,'change_screenshot','Can change Screenshot');
INSERT INTO auth_permission VALUES(115,38,'delete_screenshot','Can delete Screenshot');
INSERT INTO auth_permission VALUES(116,39,'add_reviewrequest','Can add Review Request');
INSERT INTO auth_permission VALUES(117,39,'change_reviewrequest','Can change Review Request');
INSERT INTO auth_permission VALUES(118,39,'delete_reviewrequest','Can delete Review Request');
INSERT INTO auth_permission VALUES(119,39,'can_change_status','Can change status');
INSERT INTO auth_permission VALUES(120,39,'can_submit_as_another_user','Can submit as another user');
INSERT INTO auth_permission VALUES(121,39,'can_edit_reviewrequest','Can edit review request');
INSERT INTO auth_permission VALUES(122,40,'add_screenshotcomment','Can add Screenshot Comment');
INSERT INTO auth_permission VALUES(123,40,'change_screenshotcomment','Can change Screenshot Comment');
INSERT INTO auth_permission VALUES(124,40,'delete_screenshotcomment','Can delete Screenshot Comment');
INSERT INTO auth_permission VALUES(125,41,'add_review','Can add Review');
INSERT INTO auth_permission VALUES(126,41,'change_review','Can change Review');
INSERT INTO auth_permission VALUES(127,41,'delete_review','Can delete Review');
INSERT INTO auth_permission VALUES(128,42,'add_reviewrequestdraft','Can add Review Request Draft');
INSERT INTO auth_permission VALUES(129,42,'change_reviewrequestdraft','Can change Review Request Draft');
INSERT INTO auth_permission VALUES(130,42,'delete_reviewrequestdraft','Can delete Review Request Draft');
INSERT INTO auth_permission VALUES(131,43,'add_statusupdate','Can add Status Update');
INSERT INTO auth_permission VALUES(132,43,'change_statusupdate','Can change Status Update');
INSERT INTO auth_permission VALUES(133,43,'delete_statusupdate','Can delete Status Update');
INSERT INTO auth_permission VALUES(134,44,'add_tool','Can add Tool');
INSERT INTO auth_permission VALUES(135,44,'change_tool','Can change Tool');
INSERT INTO auth_permission VALUES(136,44,'delete_tool','Can delete Tool');
INSERT INTO auth_permission VALUES(137,45,'add_repository','Can add Repository');
INSERT INTO auth_permission VALUES(138,45,'change_repository','Can change Repository');
INSERT INTO auth_permission VALUES(139,45,'delete_repository','Can delete Repository');
INSERT INTO auth_permission VALUES(140,46,'add_localsite','Can add Local Site');
INSERT INTO auth_permission VALUES(141,46,'change_localsite','Can change Local Site');
INSERT INTO auth_permission VALUES(142,46,'delete_localsite','Can delete Local Site');
INSERT INTO auth_permission VALUES(143,47,'add_webapitoken','Can add Web API Token');
INSERT INTO auth_permission VALUES(144,47,'change_webapitoken','Can change Web API Token');
INSERT INTO auth_permission VALUES(145,47,'delete_webapitoken','Can delete Web API Token');
INSERT INTO auth_permission VALUES(146,48,'add_version','Can add version');
INSERT INTO auth_permission VALUES(147,48,'change_version','Can change version');
INSERT INTO auth_permission VALUES(148,48,'delete_version','Can delete version');
INSERT INTO auth_permission VALUES(149,49,'add_evolution','Can add evolution');
INSERT INTO auth_permission VALUES(150,49,'change_evolution','Can change evolution');
INSERT INTO auth_permission VALUES(151,49,'delete_evolution','Can delete evolution');
CREATE TABLE IF NOT EXISTS "auth_user" ("id" integer NOT NULL PRIMARY KEY AUTOINCREMENT, "password" varchar(128) NOT NULL, "last_login" datetime NULL, "is_superuser" bool NOT NULL, "first_name" varchar(30) NOT NULL, "last_name" varchar(30) NOT NULL, "email" varchar(254) NOT NULL, "is_staff" bool NOT NULL, "is_active" bool NOT NULL, "date_joined" datetime NOT NULL, "username" varchar(150) NOT NULL UNIQUE);
CREATE TABLE IF NOT EXISTS "django_site" ("id" integer NOT NULL PRIMARY KEY AUTOINCREMENT, "name" varchar(50) NOT NULL, "domain" varchar(100) NOT NULL UNIQUE);
INSERT INTO django_site VALUES(1,'example.com','example.com');
DELETE FROM sqlite_sequence;
INSERT INTO sqlite_sequence VALUES('django_project_version',1);
INSERT INTO sqlite_sequence VALUES('django_migrations',23);
INSERT INTO sqlite_sequence VALUES('oauth2_provider_application',0);
INSERT INTO sqlite_sequence VALUES('oauth2_provider_accesstoken',0);
INSERT INTO sqlite_sequence VALUES('django_admin_log',0);
INSERT INTO sqlite_sequence VALUES('django_content_type',49);
INSERT INTO sqlite_sequence VALUES('auth_permission',151);
INSERT INTO sqlite_sequence VALUES('auth_user',0);
INSERT INTO sqlite_sequence VALUES('django_site',1);
INSERT INTO sqlite_sequence VALUES('django_evolution',110);
INSERT INTO sqlite_sequence VALUES('scmtools_tool',12);
INSERT INTO sqlite_sequence VALUES('siteconfig_siteconfiguration',1);
CREATE INDEX "django_evolution_version_id_e55942c9" ON "django_evolution" ("version_id");
CREATE UNIQUE INDEX "auth_group_permissions_group_id_permission_id_0cd325b0_uniq" ON "auth_group_permissions" ("group_id", "permission_id");
CREATE INDEX "auth_group_permissions_group_id_b120cbf9" ON "auth_group_permissions" ("group_id");
CREATE INDEX "auth_group_permissions_permission_id_84c5c92e" ON "auth_group_permissions" ("permission_id");
CREATE UNIQUE INDEX "auth_user_groups_user_id_group_id_94350c0c_uniq" ON "auth_user_groups" ("user_id", "group_id");
CREATE INDEX "auth_user_groups_user_id_6a12ed8b" ON "auth_user_groups" ("user_id");
CREATE INDEX "auth_user_groups_group_id_97559544" ON "auth_user_groups" ("group_id");
CREATE UNIQUE INDEX "auth_user_user_permissions_user_id_permission_id_14a6b632_uniq" ON "auth_user_user_permissions" ("user_id", "permission_id");
CREATE INDEX "auth_user_user_permissions_user_id_a95ead1b" ON "auth_user_user_permissions" ("user_id");
CREATE INDEX "auth_user_user_permissions_permission_id_1fbb5f2c" ON "auth_user_user_permissions" ("permission_id");
CREATE INDEX "django_session_expire_date_a5c62663" ON "django_session" ("expire_date");
CREATE INDEX "djblets_privacy_storedconsentdata_audit_identifier_eeb12ed0" ON "djblets_privacy_storedconsentdata" ("audit_identifier");
CREATE INDEX "siteconfig_siteconfiguration_site_id_a352de24" ON "siteconfig_siteconfiguration" ("site_id");
CREATE UNIQUE INDEX "site_localsite_users_localsite_id_user_id_2b5aa5f9_uniq" ON "site_localsite_users" ("localsite_id", "user_id");
CREATE INDEX "site_localsite_users_localsite_id_9f338deb" ON "site_localsite_users" ("localsite_id");
CREATE INDEX "site_localsite_users_user_id_d0c1231a" ON "site_localsite_users" ("user_id");
CREATE UNIQUE INDEX "site_localsite_admins_localsite_id_user_id_4644c48c_uniq" ON "site_localsite_admins" ("localsite_id", "user_id");
CREATE INDEX "site_localsite_admins_localsite_id_f1ecf08a" ON "site_localsite_admins" ("localsite_id");
CREATE INDEX "site_localsite_admins_user_id_a78f941a" ON "site_localsite_admins" ("user_id");
CREATE INDEX "reviewboard_oauth_application_user_id_5306421b" ON "reviewboard_oauth_application" ("user_id");
CREATE INDEX "reviewboard_oauth_application_client_secret_4de4461a" ON "reviewboard_oauth_application" ("client_secret");
CREATE INDEX "reviewboard_oauth_application_original_user_id_7df83187" ON "reviewboard_oauth_application" ("original_user_id");
CREATE INDEX "reviewboard_oauth_application_local_site_id_412bed6e" ON "reviewboard_oauth_application" ("local_site_id");
CREATE INDEX "oauth2_provider_grant_code_49ab4ddf" ON "oauth2_provider_grant" ("code");
CREATE INDEX "oauth2_provider_grant_application_id_81923564" ON "oauth2_provider_grant" ("application_id");
CREATE INDEX "oauth2_provider_grant_user_id_e8f62af8" ON "oauth2_provider_grant" ("user_id");
CREATE INDEX "oauth2_provider_refreshtoken_token_d090daa4" ON "oauth2_provider_refreshtoken" ("token");
CREATE INDEX "oauth2_provider_refreshtoken_application_id_2d1c311b" ON "oauth2_provider_refreshtoken" ("application_id");
CREATE INDEX "oauth2_provider_refreshtoken_user_id_da837fce" ON "oauth2_provider_refreshtoken" ("user_id");
CREATE INDEX "oauth2_provider_application_client_secret_53133678" ON "oauth2_provider_application" ("client_secret");
CREATE INDEX "oauth2_provider_application_user_id_79829054" ON "oauth2_provider_application" ("user_id");
CREATE INDEX "oauth2_provider_accesstoken_token_8af090f8" ON "oauth2_provider_accesstoken" ("token");
CREATE INDEX "oauth2_provider_accesstoken_application_id_b22886e1" ON "oauth2_provider_accesstoken" ("application_id");
CREATE INDEX "oauth2_provider_accesstoken_user_id_6e4c9a65" ON "oauth2_provider_accesstoken" ("user_id");
CREATE UNIQUE INDEX "accounts_reviewrequestvisit_user_id_review_request_id_5b8724f0_uniq" ON "accounts_reviewrequestvisit" ("user_id", "review_request_id");
CREATE INDEX "accounts_reviewrequestvisit_user_id_8ed30d49" ON "accounts_reviewrequestvisit" ("user_id");
CREATE INDEX "accounts_reviewrequestvisit_review_request_id_3bd58111" ON "accounts_reviewrequestvisit" ("review_request_id");
CREATE INDEX "accounts_reviewrequestvisit_user_id_visibility_e9e85630_idx" ON "accounts_reviewrequestvisit" ("user_id", "visibility");
CREATE UNIQUE INDEX "accounts_profile_starred_review_requests_profile_id_reviewrequest_id_9077f978_uniq" ON "accounts_profile_starred_review_requests" ("profile_id", "reviewrequest_id");
CREATE INDEX "accounts_profile_starred_review_requests_profile_id_cf4bb46e" ON "accounts_profile_starred_review_requests" ("profile_id");
CREATE INDEX "accounts_profile_starred_review_requests_reviewrequest_id_be0af917" ON "accounts_profile_starred_review_requests" ("reviewrequest_id");
CREATE UNIQUE INDEX "accounts_profile_starred_groups_profile_id_group_id_82d5c8c2_uniq" ON "accounts_profile_starred_groups" ("profile_id", "group_id");
CREATE INDEX "accounts_profile_starred_groups_profile_id_f62f8a74" ON "accounts_profile_starred_groups" ("profile_id");
CREATE INDEX "accounts_profile_starred_groups_group_id_5cf2c564" ON "accounts_profile_starred_groups" ("group_id");
CREATE UNIQUE INDEX "accounts_localsiteprofile_user_id_local_site_id_c71acfac_uniq" ON "accounts_localsiteprofile" ("user_id", "local_site_id");
CREATE UNIQUE INDEX "accounts_localsiteprofile_profile_id_local_site_id_c35a7283_uniq" ON "accounts_localsiteprofile" ("profile_id", "local_site_id");
CREATE INDEX "accounts_localsiteprofile_user_id_4faa8400" ON "accounts_localsiteprofile" ("user_id");
CREATE INDEX "accounts_localsiteprofile_profile_id_6838b6f5" ON "accounts_localsiteprofile" ("profile_id");
CREATE INDEX "accounts_localsiteprofile_local_site_id_e8e611d3" ON "accounts_localsiteprofile" ("local_site_id");
CREATE INDEX "accounts_trophy_review_request_id_8d01e0f8" ON "accounts_trophy" ("review_request_id");
CREATE INDEX "accounts_trophy_local_site_id_b29042f4" ON "accounts_trophy" ("local_site_id");
CREATE INDEX "accounts_trophy_user_id_ef0f407a" ON "accounts_trophy" ("user_id");
CREATE INDEX "attachments_fileattachment_user_id_dbe26565" ON "attachments_fileattachment" ("user_id");
CREATE INDEX "attachments_fileattachment_local_site_id_be669fcf" ON "attachments_fileattachment" ("local_site_id");
CREATE INDEX "attachments_fileattachment_repo_revision_0b865a62" ON "attachments_fileattachment" ("repo_revision");
CREATE INDEX "attachments_fileattachment_repository_id_a23f76db" ON "attachments_fileattachment" ("repository_id");
CREATE INDEX "attachments_fileattachment_added_in_filediff_id_5bbf0a9b" ON "attachments_fileattachment" ("added_in_filediff_id");
CREATE INDEX "attachments_fileattachment_attachment_history_id_79d851af" ON "attachments_fileattachment" ("attachment_history_id");
CREATE INDEX "changedescs_changedescription_user_id_2341d9f9" ON "changedescs_changedescription" ("user_id");
CREATE INDEX "diffviewer_diffset_history_id_539bce58" ON "diffviewer_diffset" ("history_id");
CREATE INDEX "diffviewer_diffset_repository_id_bdf3a395" ON "diffviewer_diffset" ("repository_id");
CREATE INDEX "diffviewer_diffset_base_commit_id_037195a9" ON "diffviewer_diffset" ("base_commit_id");
CREATE UNIQUE INDEX "diffviewer_diffcommit_diffset_id_commit_id_61b21cc8_uniq" ON "diffviewer_diffcommit" ("diffset_id", "commit_id");
CREATE INDEX "diffviewer_diffcommit_diffset_id_8c3c2dbb" ON "diffviewer_diffcommit" ("diffset_id");
CREATE INDEX "diffviewer_filediff_diffset_id_f5b24a5d" ON "diffviewer_filediff" ("diffset_id");
CREATE INDEX "diffviewer_filediff_commit_id_8ba58a4a" ON "diffviewer_filediff" ("commit_id");
CREATE INDEX "diffviewer_filediff_diff_hash_id_d6cd0509" ON "diffviewer_filediff" ("diff_hash_id");
CREATE INDEX "diffviewer_filediff_raw_diff_hash_id_ce904491" ON "diffviewer_filediff" ("raw_diff_hash_id");
CREATE INDEX "diffviewer_filediff_parent_diff_hash_id_73defa3d" ON "diffviewer_filediff" ("parent_diff_hash_id");
CREATE INDEX "diffviewer_filediff_raw_parent_diff_hash_id_8bead4b4" ON "diffviewer_filediff" ("raw_parent_diff_hash_id");
CREATE INDEX "hostingsvcs_hostingserviceaccount_local_site_id_6688df40" ON "hostingsvcs_hostingserviceaccount" ("local_site_id");
CREATE INDEX "integrations_integrationconfig_integration_id_c90e0bae" ON "integrations_integrationconfig" ("integration_id");
CREATE INDEX "integrations_integrationconfig_enabled_b7f7e2fc" ON "integrations_integrationconfig" ("enabled");
CREATE INDEX "integrations_integrationconfig_local_site_id_d6913121" ON "integrations_integrationconfig" ("local_site_id");
CREATE INDEX "notifications_webhooktarget_local_site_id_1ec00cea" ON "notifications_webhooktarget" ("local_site_id");
CREATE UNIQUE INDEX "notifications_webhooktarget_repositories_webhooktarget_id_repository_id_e4f9af06_uniq" ON "notifications_webhooktarget_repositories" ("webhooktarget_id", "repository_id");
CREATE INDEX "notifications_webhooktarget_repositories_webhooktarget_id_1f60c953" ON "notifications_webhooktarget_repositories" ("webhooktarget_id");
CREATE INDEX "notifications_webhooktarget_repositories_repository_id_703af70a" ON "notifications_webhooktarget_repositories" ("repository_id");
CREATE UNIQUE INDEX "reviews_group_name_local_site_id_cd520124_uniq" ON "reviews_group" ("name", "local_site_id");
CREATE INDEX "reviews_group_name_c92d67b9" ON "reviews_group" ("name");
CREATE INDEX "reviews_group_local_site_id_b7e35237" ON "reviews_group" ("local_site_id");
CREATE UNIQUE INDEX "reviews_group_users_group_id_user_id_1710047c_uniq" ON "reviews_group_users" ("group_id", "user_id");
CREATE INDEX "reviews_group_users_group_id_3bb40386" ON "reviews_group_users" ("group_id");
CREATE INDEX "reviews_group_users_user_id_5403120e" ON "reviews_group_users" ("user_id");
CREATE INDEX "reviews_defaultreviewer_local_site_id_bcfc837d" ON "reviews_defaultreviewer" ("local_site_id");
CREATE UNIQUE INDEX "reviews_defaultreviewer_repository_defaultreviewer_id_repository_id_532b4c10_uniq" ON "reviews_defaultreviewer_repository" ("defaultreviewer_id", "repository_id");
CREATE INDEX "reviews_defaultreviewer_repository_defaultreviewer_id_6876ab14" ON "reviews_defaultreviewer_repository" ("defaultreviewer_id");
CREATE INDEX "reviews_defaultreviewer_repository_repository_id_7f3f56b6" ON "reviews_defaultreviewer_repository" ("repository_id");
CREATE UNIQUE INDEX "reviews_defaultreviewer_groups_defaultreviewer_id_group_id_f85e51ee_uniq" ON "reviews_defaultreviewer_groups" ("defaultreviewer_id", "group_id");
CREATE INDEX "reviews_defaultreviewer_groups_defaultreviewer_id_e89ca162" ON "reviews_defaultreviewer_groups" ("defaultreviewer_id");
CREATE INDEX "reviews_defaultreviewer_groups_group_id_8f130dec" ON "reviews_defaultreviewer_groups" ("group_id");
CREATE UNIQUE INDEX "reviews_defaultreviewer_people_defaultreviewer_id_user_id_f22a3474_uniq" ON "reviews_defaultreviewer_people" ("defaultreviewer_id", "user_id");
CREATE INDEX "reviews_defaultreviewer_people_defaultreviewer_id_3b5a7031" ON "reviews_defaultreviewer_people" ("defaultreviewer_id");
CREATE INDEX "reviews_defaultreviewer_people_user_id_0871feb0" ON "reviews_defaultreviewer_people" ("user_id");
CREATE INDEX "reviews_comment_issue_status_af21c71b" ON "reviews_comment" ("issue_status");
CREATE INDEX "reviews_comment_reply_to_id_a7b3749b" ON "reviews_comment" ("reply_to_id");
CREATE INDEX "reviews_comment_filediff_id_95cdd174" ON "reviews_comment" ("filediff_id");
CREATE INDEX "reviews_comment_interfilediff_id_fb77b53c" ON "reviews_comment" ("interfilediff_id");
CREATE INDEX "reviews_fileattachmentcomment_issue_status_775b5a50" ON "reviews_fileattachmentcomment" ("issue_status");
CREATE INDEX "reviews_fileattachmentcomment_reply_to_id_17c9efca" ON "reviews_fileattachmentcomment" ("reply_to_id");
CREATE INDEX "reviews_fileattachmentcomment_file_attachment_id_8db79ee7" ON "reviews_fileattachmentcomment" ("file_attachment_id");
CREATE INDEX "reviews_fileattachmentcomment_diff_against_file_attachment_id_8a13f559" ON "reviews_fileattachmentcomment" ("diff_against_file_attachment_id");
CREATE INDEX "reviews_generalcomment_issue_status_4b49c612" ON "reviews_generalcomment" ("issue_status");
CREATE INDEX "reviews_generalcomment_reply_to_id_d0a69bbf" ON "reviews_generalcomment" ("reply_to_id");
CREATE UNIQUE INDEX "reviews_reviewrequest_commit_id_repository_id_8d48574b_uniq" ON "reviews_reviewrequest" ("commit_id", "repository_id");
CREATE UNIQUE INDEX "reviews_reviewrequest_changenum_repository_id_4aa9bc58_uniq" ON "reviews_reviewrequest" ("changenum", "repository_id");
CREATE UNIQUE INDEX "reviews_reviewrequest_local_site_id_local_id_8ee6145b_uniq" ON "reviews_reviewrequest" ("local_site_id", "local_id");
CREATE INDEX "reviews_reviewrequest_commit_id_e7104524" ON "reviews_reviewrequest" ("commit_id");
CREATE INDEX "reviews_reviewrequest_submitter_id_0a5fadde" ON "reviews_reviewrequest" ("submitter_id");
CREATE INDEX "reviews_reviewrequest_status_63d3e3fd" ON "reviews_reviewrequest" ("status");
CREATE INDEX "reviews_reviewrequest_changenum_a119b782" ON "reviews_reviewrequest" ("changenum");
CREATE INDEX "reviews_reviewrequest_repository_id_a411142d" ON "reviews_reviewrequest" ("repository_id");
CREATE INDEX "reviews_reviewrequest_diffset_history_id_803728bf" ON "reviews_reviewrequest" ("diffset_history_id");
CREATE INDEX "reviews_reviewrequest_local_site_id_7eadf98c" ON "reviews_reviewrequest" ("local_site_id");
CREATE UNIQUE INDEX "reviews_reviewrequest_target_groups_reviewrequest_id_group_id_1a8ec82c_uniq" ON "reviews_reviewrequest_target_groups" ("reviewrequest_id", "group_id");
CREATE INDEX "reviews_reviewrequest_target_groups_reviewrequest_id_9f397bce" ON "reviews_reviewrequest_target_groups" ("reviewrequest_id");
CREATE INDEX "reviews_reviewrequest_target_groups_group_id_c197c2b6" ON "reviews_reviewrequest_target_groups" ("group_id");
CREATE UNIQUE INDEX "reviews_reviewrequest_target_people_reviewrequest_id_user_id_d7cb96bf_uniq" ON "reviews_reviewrequest_target_people" ("reviewrequest_id", "user_id");
CREATE INDEX "reviews_reviewrequest_target_people_reviewrequest_id_5b9a960c" ON "reviews_reviewrequest_target_people" ("reviewrequest_id");
CREATE INDEX "reviews_reviewrequest_target_people_user_id_1120a3d1" ON "reviews_reviewrequest_target_people" ("user_id");
CREATE UNIQUE INDEX "reviews_reviewrequest_screenshots_reviewrequest_id_screenshot_id_07732dbc_uniq" ON "reviews_reviewrequest_screenshots" ("reviewrequest_id", "screenshot_id");
CREATE INDEX "reviews_reviewrequest_screenshots_reviewrequest_id_67148a80" ON "reviews_reviewrequest_screenshots" ("reviewrequest_id");
CREATE INDEX "reviews_reviewrequest_screenshots_screenshot_id_a3499d76" ON "reviews_reviewrequest_screenshots" ("screenshot_id");
CREATE UNIQUE INDEX "reviews_reviewrequest_inactive_screenshots_reviewrequest_id_screenshot_id_8be75eda_uniq" ON "reviews_reviewrequest_inactive_screenshots" ("reviewrequest_id", "screenshot_id");
CREATE INDEX "reviews_reviewrequest_inactive_screenshots_reviewrequest_id_192a5b09" ON "reviews_reviewrequest_inactive_screenshots" ("reviewrequest_id");
CREATE INDEX "reviews_reviewrequest_inactive_screenshots_screenshot_id_26fa56c2" ON "reviews_reviewrequest_inactive_screenshots" ("screenshot_id");
CREATE UNIQUE INDEX "reviews_reviewrequest_file_attachments_reviewrequest_id_fileattachment_id_ccfa96ca_uniq" ON "reviews_reviewrequest_file_attachments" ("reviewrequest_id", "fileattachment_id");
CREATE INDEX "reviews_reviewrequest_file_attachments_reviewrequest_id_3bf5d0d8" ON "reviews_reviewrequest_file_attachments" ("reviewrequest_id");
CREATE INDEX "reviews_reviewrequest_file_attachments_fileattachment_id_e78e0b5e" ON "reviews_reviewrequest_file_attachments" ("fileattachment_id");
CREATE UNIQUE INDEX "reviews_reviewrequest_inactive_file_attachments_reviewrequest_id_fileattachment_id_02402ce1_uniq" ON "reviews_reviewrequest_inactive_file_attachments" ("reviewrequest_id", "fileattachment_id");
CREATE INDEX "reviews_reviewrequest_inactive_file_attachments_reviewrequest_id_649d41ec" ON "reviews_reviewrequest_inactive_file_attachments" ("reviewrequest_id");
CREATE INDEX "reviews_reviewrequest_inactive_file_attachments_fileattachment_id_c63ab996" ON "reviews_reviewrequest_inactive_file_attachments" ("fileattachment_id");
CREATE UNIQUE INDEX "reviews_reviewrequest_file_attachment_histories_reviewrequest_id_fileattachmenthistory_id_bffdaf41_uniq" ON "reviews_reviewrequest_file_attachment_histories" ("reviewrequest_id", "fileattachmenthistory_id");
CREATE INDEX "reviews_reviewrequest_file_attachment_histories_reviewrequest_id_84509ea0" ON "reviews_reviewrequest_file_attachment_histories" ("reviewrequest_id");
CREATE INDEX "reviews_reviewrequest_file_attachment_histories_fileattachmenthistory_id_78c33186" ON "reviews_reviewrequest_file_attachment_histories" ("fileattachmenthistory_id");
CREATE UNIQUE INDEX "reviews_reviewrequest_changedescs_reviewrequest_id_changedescription_id_a0489fdf_uniq" ON "reviews_reviewrequest_changedescs" ("reviewrequest_id", "changedescription_id");
CREATE INDEX "reviews_reviewrequest_changedescs_reviewrequest_id_65def65a" ON "reviews_reviewrequest_changedescs" ("reviewrequest_id");
CREATE INDEX "reviews_reviewrequest_changedescs_changedescription_id_c25c1fe7" ON "reviews_reviewrequest_changedescs" ("changedescription_id");
CREATE UNIQUE INDEX "reviews_reviewrequest_depends_on_from_reviewrequest_id_to_reviewrequest_id_94e62655_uniq" ON "reviews_reviewrequest_depends_on" ("from_reviewrequest_id", "to_reviewrequest_id");
CREATE INDEX "reviews_reviewrequest_depends_on_from_reviewrequest_id_2d1eab85" ON "reviews_reviewrequest_depends_on" ("from_reviewrequest_id");
CREATE INDEX "reviews_reviewrequest_depends_on_to_reviewrequest_id_ab47bf47" ON "reviews_reviewrequest_depends_on" ("to_reviewrequest_id");
CREATE INDEX "reviews_screenshotcomment_issue_status_818e13d1" ON "reviews_screenshotcomment" ("issue_status");
CREATE INDEX "reviews_screenshotcomment_reply_to_id_20d83c7c" ON "reviews_screenshotcomment" ("reply_to_id");
CREATE INDEX "reviews_screenshotcomment_screenshot_id_0a8f6ad7" ON "reviews_screenshotcomment" ("screenshot_id");
CREATE INDEX "reviews_review_review_request_id_be762bb2" ON "reviews_review" ("review_request_id");
CREATE INDEX "reviews_review_user_id_875caff2" ON "reviews_review" ("user_id");
CREATE INDEX "reviews_review_base_reply_to_id_a208ad8a" ON "reviews_review" ("base_reply_to_id");
CREATE INDEX "reviews_review_body_top_reply_to_id_4f3807c0" ON "reviews_review" ("body_top_reply_to_id");
CREATE INDEX "reviews_review_body_bottom_reply_to_id_a0c60294" ON "reviews_review" ("body_bottom_reply_to_id");
CREATE INDEX "reviews_review_reviewed_diffset_id_4b8bdf06" ON "reviews_review" ("reviewed_diffset_id");
CREATE UNIQUE INDEX "reviews_review_comments_review_id_comment_id_2b6b67b0_uniq" ON "reviews_review_comments" ("review_id", "comment_id");
CREATE INDEX "reviews_review_comments_review_id_0a600993" ON "reviews_review_comments" ("review_id");
CREATE INDEX "reviews_review_comments_comment_id_a1f2afdb" ON "reviews_review_comments" ("comment_id");
CREATE UNIQUE INDEX "reviews_review_screenshot_comments_review_id_screenshotcomment_id_d40817af_uniq" ON "reviews_review_screenshot_comments" ("review_id", "screenshotcomment_id");
CREATE INDEX "reviews_review_screenshot_comments_review_id_1210ef03" ON "reviews_review_screenshot_comments" ("review_id");
CREATE INDEX "reviews_review_screenshot_comments_screenshotcomment_id_c90580b3" ON "reviews_review_screenshot_comments" ("screenshotcomment_id");
CREATE UNIQUE INDEX "reviews_review_file_attachment_comments_review_id_fileattachmentcomment_id_e50f6c80_uniq" ON "reviews_review_file_attachment_comments" ("review_id", "fileattachmentcomment_id");
CREATE INDEX "reviews_review_file_attachment_comments_review_id_f33dcceb" ON "reviews_review_file_attachment_comments" ("review_id");
CREATE INDEX "reviews_review_file_attachment_comments_fileattachmentcomment_id_1dae596b" ON "reviews_review_file_attachment_comments" ("fileattachmentcomment_id");
CREATE UNIQUE INDEX "reviews_review_general_comments_review_id_generalcomment_id_92ad2601_uniq" ON "reviews_review_general_comments" ("review_id", "generalcomment_id");
CREATE INDEX "reviews_review_general_comments_review_id_b2db3c78" ON "reviews_review_general_comments" ("review_id");
CREATE INDEX "reviews_review_general_comments_generalcomment_id_08380dc1" ON "reviews_review_general_comments" ("generalcomment_id");
CREATE INDEX "reviews_reviewrequestdraft_commit_id_a36610d9" ON "reviews_reviewrequestdraft" ("commit_id");
CREATE INDEX "reviews_reviewrequestdraft_owner_id_86066878" ON "reviews_reviewrequestdraft" ("owner_id");
CREATE INDEX "reviews_reviewrequestdraft_diffset_id_ba3c2e37" ON "reviews_reviewrequestdraft" ("diffset_id");
CREATE INDEX "reviews_reviewrequestdraft_changedesc_id_70a4d612" ON "reviews_reviewrequestdraft" ("changedesc_id");
CREATE UNIQUE INDEX "reviews_reviewrequestdraft_target_groups_reviewrequestdraft_id_group_id_780014ae_uniq" ON "reviews_reviewrequestdraft_target_groups" ("reviewrequestdraft_id", "group_id");
CREATE INDEX "reviews_reviewrequestdraft_target_groups_reviewrequestdraft_id_efd7dd03" ON "reviews_reviewrequestdraft_target_groups" ("reviewrequestdraft_id");
CREATE INDEX "reviews_reviewrequestdraft_target_groups_group_id_f394ff20" ON "reviews_reviewrequestdraft_target_groups" ("group_id");
CREATE UNIQUE INDEX "reviews_reviewrequestdraft_target_people_reviewrequestdraft_id_user_id_2d4e7918_uniq" ON "reviews_reviewrequestdraft_target_people" ("reviewrequestdraft_id", "user_id");
CREATE INDEX "reviews_reviewrequestdraft_target_people_reviewrequestdraft_id_cf9235c2" ON "reviews_reviewrequestdraft_target_people" ("reviewrequestdraft_id");
CREATE INDEX "reviews_reviewrequestdraft_target_people_user_id_83de070a" ON "reviews_reviewrequestdraft_target_people" ("user_id");
CREATE UNIQUE INDEX "reviews_reviewrequestdraft_screenshots_reviewrequestdraft_id_screenshot_id_71233108_uniq" ON "reviews_reviewrequestdraft_screenshots" ("reviewrequestdraft_id", "screenshot_id");
CREATE INDEX "reviews_reviewrequestdraft_screenshots_reviewrequestdraft_id_bd7c450d" ON "reviews_reviewrequestdraft_screenshots" ("reviewrequestdraft_id");
CREATE INDEX "reviews_reviewrequestdraft_screenshots_screenshot_id_68b0d9e3" ON "reviews_reviewrequestdraft_screenshots" ("screenshot_id");
CREATE UNIQUE INDEX "reviews_reviewrequestdraft_inactive_screenshots_reviewrequestdraft_id_screenshot_id_322d1203_uniq" ON "reviews_reviewrequestdraft_inactive_screenshots" ("reviewrequestdraft_id", "screenshot_id");
CREATE INDEX "reviews_reviewrequestdraft_inactive_screenshots_reviewrequestdraft_id_a8339e18" ON "reviews_reviewrequestdraft_inactive_screenshots" ("reviewrequestdraft_id");
CREATE INDEX "reviews_reviewrequestdraft_inactive_screenshots_screenshot_id_ed06dfad" ON "reviews_reviewrequestdraft_inactive_screenshots" ("screenshot_id");
CREATE UNIQUE INDEX "reviews_reviewrequestdraft_file_attachments_reviewrequestdraft_id_fileattachment_id_d78bc93a_uniq" ON "reviews_reviewrequestdraft_file_attachments" ("reviewrequestdraft_id", "fileattachment_id");
CREATE INDEX "reviews_reviewrequestdraft_file_attachments_reviewrequestdraft_id_6ca73ce6" ON "reviews_reviewrequestdraft_file_attachments" ("reviewrequestdraft_id");
CREATE INDEX "reviews_reviewrequestdraft_file_attachments_fileattachment_id_70274302" ON "reviews_reviewrequestdraft_file_attachments" ("fileattachment_id");
CREATE UNIQUE INDEX "reviews_reviewrequestdraft_inactive_file_attachments_reviewrequestdraft_id_fileattachment_id_0392ef46_uniq" ON "reviews_reviewrequestdraft_inactive_file_attachments" ("reviewrequestdraft_id", "fileattachment_id");
CREATE INDEX "reviews_reviewrequestdraft_inactive_file_attachments_reviewrequestdraft_id_29694abc" ON "reviews_reviewrequestdraft_inactive_file_attachments" ("reviewrequestdraft_id");
CREATE INDEX "reviews_reviewrequestdraft_inactive_file_attachments_fileattachment_id_fa327aa0" ON "reviews_reviewrequestdraft_inactive_file_attachments" ("fileattachment_id");
CREATE UNIQUE INDEX "reviews_reviewrequestdraft_depends_on_reviewrequestdraft_id_reviewrequest_id_8fc5961d_uniq" ON "reviews_reviewrequestdraft_depends_on" ("reviewrequestdraft_id", "reviewrequest_id");
CREATE INDEX "reviews_reviewrequestdraft_depends_on_reviewrequestdraft_id_550d105a" ON "reviews_reviewrequestdraft_depends_on" ("reviewrequestdraft_id");
CREATE INDEX "reviews_reviewrequestdraft_depends_on_reviewrequest_id_834a2c3f" ON "reviews_reviewrequestdraft_depends_on" ("reviewrequest_id");
CREATE INDEX "reviews_statusupdate_user_id_1f850855" ON "reviews_statusupdate" ("user_id");
CREATE INDEX "reviews_statusupdate_review_request_id_09b3d2bf" ON "reviews_statusupdate" ("review_request_id");
CREATE INDEX "reviews_statusupdate_change_description_id_260b3553" ON "reviews_statusupdate" ("change_description_id");
CREATE UNIQUE INDEX "scmtools_repository_name_local_site_id_17cf0ace_uniq" ON "scmtools_repository" ("name", "local_site_id");
CREATE UNIQUE INDEX "scmtools_repository_archived_timestamp_path_local_site_id_cac61803_uniq" ON "scmtools_repository" ("archived_timestamp", "path", "local_site_id");
CREATE UNIQUE INDEX "scmtools_repository_hooks_uuid_local_site_id_05a64b12_uniq" ON "scmtools_repository" ("hooks_uuid", "local_site_id");
CREATE INDEX "scmtools_repository_tool_id_d3b242d1" ON "scmtools_repository" ("tool_id");
CREATE INDEX "scmtools_repository_hosting_account_id_fe34c221" ON "scmtools_repository" ("hosting_account_id");
CREATE INDEX "scmtools_repository_local_site_id_989f4f3a" ON "scmtools_repository" ("local_site_id");
CREATE UNIQUE INDEX "scmtools_repository_users_repository_id_user_id_c239bac4_uniq" ON "scmtools_repository_users" ("repository_id", "user_id");
CREATE INDEX "scmtools_repository_users_repository_id_d8c11b09" ON "scmtools_repository_users" ("repository_id");
CREATE INDEX "scmtools_repository_users_user_id_fd0f89b9" ON "scmtools_repository_users" ("user_id");
CREATE UNIQUE INDEX "scmtools_repository_review_groups_repository_id_group_id_1e0382de_uniq" ON "scmtools_repository_review_groups" ("repository_id", "group_id");
CREATE INDEX "scmtools_repository_review_groups_repository_id_23a2ea36" ON "scmtools_repository_review_groups" ("repository_id");
CREATE INDEX "scmtools_repository_review_groups_group_id_23e39d23" ON "scmtools_repository_review_groups" ("group_id");
CREATE INDEX "webapi_webapitoken_user_id_3651ab64" ON "webapi_webapitoken" ("user_id");
CREATE INDEX "webapi_webapitoken_local_site_id_72c83924" ON "webapi_webapitoken" ("local_site_id");
CREATE INDEX reviews_reviewrequest_summary ON reviews_reviewrequest (summary);
CREATE INDEX "django_admin_log_content_type_id_c4bce8eb" ON "django_admin_log" ("content_type_id");
CREATE INDEX "django_admin_log_user_id_c564eba6" ON "django_admin_log" ("user_id");
CREATE UNIQUE INDEX "django_content_type_app_label_model_76bd3d3b_uniq" ON "django_content_type" ("app_label", "model");
CREATE UNIQUE INDEX "auth_permission_content_type_id_codename_01ab375a_uniq" ON "auth_permission" ("content_type_id", "codename");
CREATE INDEX "auth_permission_content_type_id_2f476e4b" ON "auth_permission" ("content_type_id");
COMMIT;
